platform_order_id,placed_at,promised_at,delivered_at,status,items,subtotal,tax,total
DP-B74F21,2026-08-03T18:14:49Z,2026-08-03T18:49:49Z,2026-08-03T18:44:46Z,delivered,Chana Masala Bowl; Chana Masala Bowl; Garlic Naan; Butter Chicken Plate,43.50,4.13,47.63
DP-5E0853,2026-08-03T18:22:13Z,2026-08-03T18:57:13Z,2026-08-03T18:57:17Z,delivered,Dal Makhani; Paneer Wrap; Chana Masala Bowl; Samosa (2),39.50,3.75,43.25
DP-1722F2,2026-08-03T18:37:25Z,2026-08-03T19:12:25Z,2026-08-03T19:13:28Z,delivered,Chana Masala Bowl; Chana Masala Bowl; Mango Lassi; Chana Masala Bowl; Dal Makhani,51.00,4.84,55.84
DP-2A0770,2026-08-03T18:40:44Z,2026-08-03T19:15:44Z,2026-08-03T19:07:50Z,delivered,Chicken Tikka Bowl,13.50,1.28,14.78
DP-FD633D,2026-08-03T18:43:41Z,2026-08-03T19:18:41Z,2026-08-03T19:12:49Z,delivered,Garlic Naan; Mango Lassi,8.50,0.81,9.31
DP-2E3102,2026-08-03T19:04:38Z,2026-08-03T19:39:38Z,2026-08-03T19:33:30Z,delivered,Paneer Wrap; Chana Masala Bowl; Garlic Naan; Mango Lassi; Mango Lassi,37.00,3.52,40.52
DP-F46961,2026-08-03T19:15:10Z,2026-08-03T19:50:10Z,2026-08-03T19:43:49Z,delivered,Chicken Tikka Bowl; Samosa (2); Chicken Tikka Bowl,33.00,3.14,36.14
DP-12DA86,2026-08-03T19:17:04Z,2026-08-03T19:52:04Z,2026-08-03T19:46:48Z,delivered,Samosa (2); Paneer Wrap; Dal Makhani,27.50,2.61,30.11
DP-84B27B,2026-08-03T19:20:25Z,2026-08-03T19:55:25Z,2026-08-03T19:57:46Z,delivered,Mango Lassi; Dal Makhani,15.00,1.43,16.43
DP-A68F81,2026-08-03T19:42:17Z,2026-08-03T20:17:17Z,2026-08-03T20:12:38Z,delivered,Garlic Naan,3.50,0.33,3.83
DP-41B4D4,2026-08-03T19:49:03Z,2026-08-03T20:24:03Z,2026-08-03T20:21:15Z,delivered,Samosa (2),6.00,0.57,6.57
DP-5D05AD,2026-08-03T19:53:23Z,2026-08-03T20:28:23Z,,cancelled,Paneer Wrap; Dal Makhani; Chana Masala Bowl; Butter Chicken Plate,49.50,4.70,54.20
DP-28BCA0,2026-08-03T19:54:14Z,2026-08-03T20:29:14Z,2026-08-03T20:22:36Z,delivered,Dal Makhani,10.00,0.95,10.95
DP-D06BD2,2026-08-03T20:02:51Z,2026-08-03T20:37:51Z,2026-08-03T20:30:23Z,delivered,Samosa (2); Samosa (2); Butter Chicken Plate; Dal Makhani; Dal Makhani,48.00,4.56,52.56
DP-AEEE6F,2026-08-03T20:18:05Z,2026-08-03T20:53:05Z,2026-08-03T20:47:12Z,delivered,Chana Masala Bowl; Butter Chicken Plate; Dal Makhani,38.00,3.61,41.61
DP-2ED6CF,2026-08-03T21:41:29Z,2026-08-03T22:16:29Z,2026-08-03T22:11:58Z,delivered,Chana Masala Bowl; Chicken Tikka Bowl,25.50,2.42,27.92
DP-AEDE5F,2026-08-03T21:53:49Z,2026-08-03T22:28:49Z,2026-08-03T22:21:03Z,delivered,Paneer Wrap; Dal Makhani,21.50,2.04,23.54
DP-462DDA,2026-08-03T23:10:23Z,2026-08-03T23:45:23Z,2026-08-03T23:35:03Z,delivered,Garlic Naan; Chicken Tikka Bowl,17.00,1.61,18.61
DP-7F78DF,2026-08-04T00:44:59Z,2026-08-04T01:19:59Z,2026-08-04T01:11:52Z,delivered,Samosa (2),6.00,0.57,6.57
DP-E518CA,2026-08-04T01:09:16Z,2026-08-04T01:44:16Z,2026-08-04T01:40:46Z,delivered,Samosa (2); Samosa (2),12.00,1.14,13.14
DP-076047,2026-08-04T01:24:17Z,2026-08-04T01:59:17Z,2026-08-04T01:51:37Z,delivered,Butter Chicken Plate,16.00,1.52,17.52
DP-CC6273,2026-08-04T01:29:24Z,2026-08-04T02:04:24Z,2026-08-04T01:55:44Z,delivered,Dal Makhani; Butter Chicken Plate; Chicken Tikka Bowl,39.50,3.75,43.25
DP-8FED8A,2026-08-04T01:31:25Z,2026-08-04T02:06:25Z,2026-08-04T02:01:16Z,delivered,Butter Chicken Plate; Dal Makhani; Mango Lassi; Paneer Wrap,42.50,4.04,46.54
DP-80627D,2026-08-04T01:34:46Z,2026-08-04T02:09:46Z,2026-08-04T02:07:07Z,delivered,Paneer Wrap; Mango Lassi,16.50,1.57,18.07
DP-E89873,2026-08-04T01:36:56Z,2026-08-04T02:11:56Z,2026-08-04T02:08:29Z,delivered,Samosa (2); Butter Chicken Plate; Chana Masala Bowl,34.00,3.23,37.23
DP-481194,2026-08-04T01:40:10Z,2026-08-04T02:15:10Z,2026-08-04T02:10:41Z,delivered,Mango Lassi; Butter Chicken Plate; Chicken Tikka Bowl,34.50,3.28,37.78
DP-9273D7,2026-08-04T01:47:35Z,2026-08-04T02:22:35Z,2026-08-04T02:18:46Z,delivered,Garlic Naan; Mango Lassi; Mango Lassi,13.50,1.28,14.78
DP-250DEF,2026-08-04T01:47:37Z,2026-08-04T02:22:37Z,2026-08-04T02:14:08Z,delivered,Paneer Wrap; Dal Makhani,21.50,2.04,23.54
DP-1599E3,2026-08-04T02:08:15Z,2026-08-04T02:43:15Z,2026-08-04T02:29:51Z,delivered,Dal Makhani; Garlic Naan,13.50,1.28,14.78
DP-0815FE,2026-08-04T02:13:41Z,2026-08-04T02:48:41Z,2026-08-04T02:45:33Z,delivered,Chana Masala Bowl; Garlic Naan; Mango Lassi; Butter Chicken Plate,36.50,3.47,39.97
DP-C0ED16,2026-08-04T02:13:58Z,2026-08-04T02:48:58Z,2026-08-04T02:45:24Z,delivered,Mango Lassi; Mango Lassi,10.00,0.95,10.95
DP-D273E3,2026-08-04T02:17:59Z,2026-08-04T02:52:59Z,2026-08-04T02:50:57Z,delivered,Chana Masala Bowl; Mango Lassi; Dal Makhani,27.00,2.56,29.56
DP-8099F4,2026-08-04T02:27:57Z,2026-08-04T03:02:57Z,2026-08-04T02:57:34Z,delivered,Mango Lassi; Samosa (2),11.00,1.04,12.04
DP-CC4F14,2026-08-04T02:35:14Z,2026-08-04T03:10:14Z,2026-08-04T02:59:03Z,delivered,Samosa (2); Butter Chicken Plate,22.00,2.09,24.09
DP-CAF127,2026-08-04T02:43:20Z,2026-08-04T03:18:20Z,2026-08-04T03:15:02Z,delivered,Dal Makhani; Paneer Wrap; Butter Chicken Plate,37.50,3.56,41.06
DP-7D5552,2026-08-04T02:45:20Z,2026-08-04T03:20:20Z,2026-08-04T03:15:15Z,delivered,Garlic Naan; Paneer Wrap; Mango Lassi,20.00,1.90,21.90
DP-952EB9,2026-08-04T02:55:06Z,2026-08-04T03:30:06Z,2026-08-04T03:28:10Z,delivered,Garlic Naan; Dal Makhani; Mango Lassi,18.50,1.76,20.26
DP-1F97B7,2026-08-04T03:14:52Z,2026-08-04T03:49:52Z,2026-08-04T03:39:57Z,delivered,Dal Makhani; Chana Masala Bowl; Butter Chicken Plate,38.00,3.61,41.61
DP-858F9A,2026-08-04T03:29:40Z,2026-08-04T04:04:40Z,2026-08-04T04:01:34Z,delivered,Mango Lassi; Butter Chicken Plate; Chana Masala Bowl; Paneer Wrap,44.50,4.23,48.73
DP-8CB37F,2026-08-04T03:34:16Z,2026-08-04T04:09:16Z,2026-08-04T04:08:11Z,delivered,Samosa (2),6.00,0.57,6.57
DP-4CEBD4,2026-08-04T04:56:58Z,2026-08-04T05:31:58Z,2026-08-04T05:19:07Z,delivered,Butter Chicken Plate; Mango Lassi; Garlic Naan; Dal Makhani,34.50,3.28,37.78
DP-C9AF9F,2026-08-04T18:02:25Z,2026-08-04T18:37:25Z,2026-08-04T18:32:03Z,delivered,Samosa (2); Samosa (2); Butter Chicken Plate; Garlic Naan,31.50,2.99,34.49
DP-C47136,2026-08-04T18:05:25Z,2026-08-04T18:40:25Z,2026-08-04T18:34:33Z,delivered,Samosa (2),6.00,0.57,6.57
DP-FCA5EA,2026-08-04T18:31:01Z,2026-08-04T19:06:01Z,2026-08-04T19:02:42Z,delivered,Dal Makhani; Mango Lassi,15.00,1.43,16.43
DP-893CCB,2026-08-04T19:07:08Z,2026-08-04T19:42:08Z,2026-08-04T19:47:44Z,delivered,Chana Masala Bowl; Dal Makhani; Chicken Tikka Bowl; Dal Makhani; Butter Chicken Plate,61.50,5.84,67.34
DP-17713D,2026-08-04T19:09:38Z,2026-08-04T19:44:38Z,2026-08-04T19:41:57Z,delivered,Mango Lassi; Butter Chicken Plate,21.00,2.00,23.00
DP-2715D5,2026-08-04T19:23:35Z,2026-08-04T19:58:35Z,,cancelled,Chicken Tikka Bowl; Garlic Naan; Mango Lassi; Chana Masala Bowl; Dal Makhani,44.00,4.18,48.18
DP-63A5E8,2026-08-04T19:25:23Z,2026-08-04T20:00:23Z,2026-08-04T19:55:03Z,delivered,Chicken Tikka Bowl; Samosa (2); Dal Makhani,29.50,2.80,32.30
DP-708C7E,2026-08-04T19:25:32Z,2026-08-04T20:00:32Z,2026-08-04T19:53:19Z,delivered,Samosa (2); Dal Makhani; Chicken Tikka Bowl,29.50,2.80,32.30
DP-4F4EBD,2026-08-04T20:02:02Z,2026-08-04T20:37:02Z,2026-08-04T20:28:08Z,delivered,Mango Lassi; Paneer Wrap; Paneer Wrap,28.00,2.66,30.66
DP-45AE36,2026-08-04T20:09:12Z,2026-08-04T20:44:12Z,2026-08-04T20:37:52Z,delivered,Mango Lassi; Butter Chicken Plate; Mango Lassi,26.00,2.47,28.47
DP-212F19,2026-08-04T20:18:34Z,2026-08-04T20:53:34Z,2026-08-04T20:48:56Z,delivered,Chana Masala Bowl; Garlic Naan,15.50,1.47,16.97
DP-C47009,2026-08-04T20:21:35Z,2026-08-04T20:56:35Z,2026-08-04T20:50:04Z,delivered,Garlic Naan; Garlic Naan,7.00,0.67,7.67
DP-171CE7,2026-08-04T20:23:48Z,2026-08-04T20:58:48Z,2026-08-04T21:03:05Z,delivered,Chicken Tikka Bowl; Chana Masala Bowl,25.50,2.42,27.92
DP-5DF1BC,2026-08-04T20:24:32Z,2026-08-04T20:59:32Z,2026-08-04T20:46:51Z,delivered,Samosa (2); Garlic Naan; Garlic Naan,13.00,1.24,14.24
DP-86A2EB,2026-08-04T20:38:32Z,2026-08-04T21:13:32Z,2026-08-04T21:09:49Z,delivered,Paneer Wrap,11.50,1.09,12.59
DP-3F76C7,2026-08-04T20:51:30Z,2026-08-04T21:26:30Z,2026-08-04T21:16:49Z,delivered,Dal Makhani; Garlic Naan; Mango Lassi,18.50,1.76,20.26
DP-7408D9,2026-08-04T20:57:32Z,2026-08-04T21:32:32Z,2026-08-04T21:27:09Z,delivered,Samosa (2),6.00,0.57,6.57
DP-B54F51,2026-08-04T20:59:39Z,2026-08-04T21:34:39Z,2026-08-04T21:30:22Z,delivered,Butter Chicken Plate; Chicken Tikka Bowl,29.50,2.80,32.30
DP-B1FF00,2026-08-04T21:06:25Z,2026-08-04T21:41:25Z,2026-08-04T21:42:38Z,delivered,Garlic Naan; Chicken Tikka Bowl,17.00,1.61,18.61
DP-8B8C2B,2026-08-04T22:02:08Z,2026-08-04T22:37:08Z,2026-08-04T22:35:23Z,delivered,Mango Lassi; Paneer Wrap; Paneer Wrap; Dal Makhani; Butter Chicken Plate,54.00,5.13,59.13
DP-3176F8,2026-08-04T23:03:36Z,2026-08-04T23:38:36Z,2026-08-04T23:35:45Z,delivered,Butter Chicken Plate,16.00,1.52,17.52
DP-2957CA,2026-08-04T23:18:31Z,2026-08-04T23:53:31Z,2026-08-04T23:41:27Z,delivered,Chana Masala Bowl; Butter Chicken Plate,28.00,2.66,30.66
DP-BCD5C2,2026-08-05T00:06:27Z,2026-08-05T00:41:27Z,2026-08-05T00:39:23Z,delivered,Dal Makhani; Paneer Wrap; Butter Chicken Plate,37.50,3.56,41.06
DP-425DED,2026-08-05T00:23:48Z,2026-08-05T00:58:48Z,2026-08-05T00:52:01Z,delivered,Butter Chicken Plate,16.00,1.52,17.52
DP-C54898,2026-08-05T00:35:12Z,2026-08-05T01:10:12Z,2026-08-05T01:08:43Z,delivered,Butter Chicken Plate; Chana Masala Bowl,28.00,2.66,30.66
DP-CACAEA,2026-08-05T00:53:41Z,2026-08-05T01:28:41Z,2026-08-05T01:19:37Z,delivered,Chana Masala Bowl; Dal Makhani,22.00,2.09,24.09
DP-650E6E,2026-08-05T01:08:20Z,2026-08-05T01:43:20Z,2026-08-05T01:47:50Z,delivered,Butter Chicken Plate; Garlic Naan; Mango Lassi,24.50,2.33,26.83
DP-D1B237,2026-08-05T01:15:13Z,2026-08-05T01:50:13Z,2026-08-05T01:48:43Z,delivered,Samosa (2); Chana Masala Bowl; Chicken Tikka Bowl,31.50,2.99,34.49
DP-BCE4B0,2026-08-05T01:16:46Z,2026-08-05T01:51:46Z,2026-08-05T01:46:01Z,delivered,Dal Makhani; Garlic Naan,13.50,1.28,14.78
DP-EA2913,2026-08-05T01:18:04Z,2026-08-05T01:53:04Z,2026-08-05T01:51:02Z,delivered,Samosa (2),6.00,0.57,6.57
DP-C06EDC,2026-08-05T01:23:50Z,2026-08-05T01:58:50Z,2026-08-05T01:53:31Z,delivered,Paneer Wrap,11.50,1.09,12.59
DP-ACC3BB,2026-08-05T01:29:31Z,2026-08-05T02:04:31Z,2026-08-05T01:57:58Z,delivered,Chana Masala Bowl; Dal Makhani; Butter Chicken Plate; Chana Masala Bowl,50.00,4.75,54.75
DP-5F945A,2026-08-05T01:32:29Z,2026-08-05T02:07:29Z,2026-08-05T02:04:03Z,delivered,Chicken Tikka Bowl; Samosa (2); Chicken Tikka Bowl; Mango Lassi,38.00,3.61,41.61
DP-918795,2026-08-05T01:37:22Z,2026-08-05T02:12:22Z,2026-08-05T02:00:52Z,delivered,Mango Lassi; Butter Chicken Plate; Butter Chicken Plate,37.00,3.52,40.52
DP-1E8B2E,2026-08-05T01:38:56Z,2026-08-05T02:13:56Z,2026-08-05T02:07:10Z,delivered,Butter Chicken Plate; Paneer Wrap; Paneer Wrap; Samosa (2),45.00,4.28,49.28
DP-99834D,2026-08-05T01:43:30Z,2026-08-05T02:18:30Z,2026-08-05T02:15:42Z,delivered,Dal Makhani; Chana Masala Bowl; Chana Masala Bowl; Paneer Wrap,45.50,4.32,49.82
DP-8BEFA0,2026-08-05T01:45:21Z,2026-08-05T02:20:21Z,2026-08-05T02:12:01Z,delivered,Butter Chicken Plate; Mango Lassi; Samosa (2); Butter Chicken Plate,43.00,4.08,47.08
DP-113E03,2026-08-05T02:03:03Z,2026-08-05T02:38:03Z,2026-08-05T02:31:39Z,delivered,Chana Masala Bowl; Mango Lassi; Mango Lassi; Chicken Tikka Bowl; Garlic Naan,39.00,3.71,42.71
DP-7D2306,2026-08-05T02:08:56Z,2026-08-05T02:43:56Z,2026-08-05T03:10:56Z,delivered,Chana Masala Bowl; Paneer Wrap,23.50,2.23,25.73
DP-AB94C4,2026-08-05T02:20:10Z,2026-08-05T02:55:10Z,2026-08-05T02:48:15Z,delivered,Chana Masala Bowl; Butter Chicken Plate; Chicken Tikka Bowl,41.50,3.94,45.44
DP-CBDA47,2026-08-05T02:28:48Z,2026-08-05T03:03:48Z,2026-08-05T02:59:54Z,delivered,Butter Chicken Plate; Paneer Wrap,27.50,2.61,30.11
DP-7FC37F,2026-08-05T02:31:32Z,2026-08-05T03:06:32Z,2026-08-05T02:55:30Z,delivered,Butter Chicken Plate; Chicken Tikka Bowl; Samosa (2),35.50,3.37,38.87
DP-1C9DDC,2026-08-05T02:35:17Z,2026-08-05T03:10:17Z,2026-08-05T03:07:23Z,delivered,Chana Masala Bowl,12.00,1.14,13.14
DP-D3E195,2026-08-05T02:56:19Z,2026-08-05T03:31:19Z,2026-08-05T03:33:16Z,delivered,Chana Masala Bowl,12.00,1.14,13.14
DP-0AD828,2026-08-05T03:00:54Z,2026-08-05T03:35:54Z,2026-08-05T03:32:04Z,delivered,Butter Chicken Plate; Mango Lassi; Mango Lassi,26.00,2.47,28.47
DP-BC451D,2026-08-05T03:33:29Z,2026-08-05T04:08:29Z,2026-08-05T04:05:30Z,delivered,Paneer Wrap; Garlic Naan,15.00,1.43,16.43
DP-99A2E0,2026-08-05T03:52:39Z,2026-08-05T04:27:39Z,2026-08-05T04:36:25Z,delivered,Dal Makhani; Dal Makhani,20.00,1.90,21.90
DP-0A0C93,2026-08-05T04:43:39Z,2026-08-05T05:18:39Z,2026-08-05T05:11:11Z,delivered,Paneer Wrap; Garlic Naan,15.00,1.43,16.43
DP-9A6669,2026-08-05T18:24:26Z,2026-08-05T18:59:26Z,2026-08-05T18:46:08Z,delivered,Chana Masala Bowl; Chana Masala Bowl; Samosa (2),30.00,2.85,32.85
DP-168598,2026-08-05T18:32:08Z,2026-08-05T19:07:08Z,2026-08-05T18:57:22Z,delivered,Chicken Tikka Bowl,13.50,1.28,14.78
DP-791CCD,2026-08-05T18:50:12Z,2026-08-05T19:25:12Z,2026-08-05T19:24:26Z,delivered,Samosa (2); Chicken Tikka Bowl; Chicken Tikka Bowl; Dal Makhani; Paneer Wrap,54.50,5.18,59.68
DP-53C1D8,2026-08-05T19:08:26Z,2026-08-05T19:43:26Z,2026-08-05T19:30:42Z,delivered,Chana Masala Bowl; Chana Masala Bowl; Dal Makhani,34.00,3.23,37.23
DP-B2A752,2026-08-05T19:18:28Z,2026-08-05T19:53:28Z,2026-08-05T19:46:36Z,delivered,Chana Masala Bowl; Garlic Naan; Garlic Naan,19.00,1.80,20.80
DP-E771AC,2026-08-05T19:31:00Z,2026-08-05T20:06:00Z,2026-08-05T20:04:17Z,delivered,Butter Chicken Plate; Garlic Naan; Dal Makhani; Dal Makhani,39.50,3.75,43.25
DP-0266D3,2026-08-05T19:37:07Z,2026-08-05T20:12:07Z,2026-08-05T20:06:16Z,delivered,Garlic Naan; Butter Chicken Plate,19.50,1.85,21.35
DP-A0C302,2026-08-05T19:37:11Z,2026-08-05T20:12:11Z,2026-08-05T20:08:40Z,delivered,Chicken Tikka Bowl; Butter Chicken Plate; Samosa (2),35.50,3.37,38.87
DP-949B04,2026-08-05T19:38:58Z,2026-08-05T20:13:58Z,2026-08-05T20:11:19Z,delivered,Chicken Tikka Bowl,13.50,1.28,14.78
DP-86351E,2026-08-05T19:44:48Z,2026-08-05T20:19:48Z,2026-08-05T20:16:12Z,delivered,Butter Chicken Plate; Dal Makhani; Butter Chicken Plate,42.00,3.99,45.99
DP-94BAD5,2026-08-05T19:45:21Z,2026-08-05T20:20:21Z,2026-08-05T20:14:43Z,delivered,Paneer Wrap,11.50,1.09,12.59
DP-284682,2026-08-05T19:58:58Z,2026-08-05T20:33:58Z,2026-08-05T20:58:58Z,delivered,Chicken Tikka Bowl; Chicken Tikka Bowl; Garlic Naan,30.50,2.90,33.40
DP-94E2CB,2026-08-05T19:59:54Z,2026-08-05T20:34:54Z,2026-08-05T20:33:37Z,delivered,Paneer Wrap; Chana Masala Bowl,23.50,2.23,25.73
DP-8B716B,2026-08-05T20:38:38Z,2026-08-05T21:13:38Z,2026-08-05T21:14:11Z,delivered,Mango Lassi; Chicken Tikka Bowl,18.50,1.76,20.26
DP-C7CBBF,2026-08-05T20:59:40Z,2026-08-05T21:34:40Z,2026-08-05T21:28:33Z,delivered,Chicken Tikka Bowl; Chana Masala Bowl; Mango Lassi,30.50,2.90,33.40
DP-FF65D0,2026-08-05T21:42:37Z,2026-08-05T22:17:37Z,2026-08-05T22:14:04Z,delivered,Chana Masala Bowl; Chana Masala Bowl,24.00,2.28,26.28
DP-26EFF5,2026-08-05T21:46:52Z,2026-08-05T22:21:52Z,2026-08-05T22:18:47Z,delivered,Garlic Naan; Chana Masala Bowl,15.50,1.47,16.97
DP-6D435F,2026-08-05T23:25:13Z,2026-08-06T00:00:13Z,2026-08-06T00:04:38Z,delivered,Chicken Tikka Bowl; Butter Chicken Plate; Butter Chicken Plate; Mango Lassi,50.50,4.80,55.30
DP-CB3D48,2026-08-06T00:33:47Z,2026-08-06T01:08:47Z,2026-08-06T01:03:51Z,delivered,Paneer Wrap; Butter Chicken Plate,27.50,2.61,30.11
DP-DB34D8,2026-08-06T00:53:37Z,2026-08-06T01:28:37Z,2026-08-06T01:25:04Z,delivered,Garlic Naan; Samosa (2),9.50,0.90,10.40
DP-37E536,2026-08-06T00:53:43Z,2026-08-06T01:28:43Z,2026-08-06T01:47:43Z,delivered,Samosa (2); Chicken Tikka Bowl,19.50,1.85,21.35
DP-C915FE,2026-08-06T00:56:20Z,2026-08-06T01:31:20Z,2026-08-06T01:31:11Z,delivered,Dal Makhani,10.00,0.95,10.95
DP-BCC602,2026-08-06T01:03:35Z,2026-08-06T01:38:35Z,2026-08-06T01:33:15Z,delivered,Dal Makhani; Samosa (2); Samosa (2); Dal Makhani,32.00,3.04,35.04
DP-8ECF7A,2026-08-06T01:06:48Z,2026-08-06T01:41:48Z,2026-08-06T01:37:01Z,delivered,Mango Lassi; Mango Lassi; Chicken Tikka Bowl; Mango Lassi; Butter Chicken Plate,44.50,4.23,48.73
DP-2CA25F,2026-08-06T01:26:02Z,2026-08-06T02:01:02Z,2026-08-06T01:58:26Z,delivered,Paneer Wrap; Dal Makhani,21.50,2.04,23.54
DP-32F01F,2026-08-06T01:29:52Z,2026-08-06T02:04:52Z,2026-08-06T02:05:56Z,delivered,Samosa (2); Mango Lassi,11.00,1.04,12.04
DP-1BC5E3,2026-08-06T01:30:59Z,2026-08-06T02:05:59Z,2026-08-06T01:58:28Z,delivered,Mango Lassi; Samosa (2); Chicken Tikka Bowl,24.50,2.33,26.83
DP-BBC8E5,2026-08-06T01:49:57Z,2026-08-06T02:24:57Z,2026-08-06T02:24:51Z,delivered,Paneer Wrap; Butter Chicken Plate; Dal Makhani,37.50,3.56,41.06
DP-AF981C,2026-08-06T01:51:08Z,2026-08-06T02:26:08Z,2026-08-06T02:18:08Z,delivered,Chana Masala Bowl,12.00,1.14,13.14
DP-59BAFE,2026-08-06T01:59:27Z,2026-08-06T02:34:27Z,2026-08-06T02:26:15Z,delivered,Garlic Naan; Dal Makhani; Mango Lassi; Chana Masala Bowl,30.50,2.90,33.40
DP-8C8EBE,2026-08-06T02:08:06Z,2026-08-06T02:43:06Z,2026-08-06T02:37:50Z,delivered,Chana Masala Bowl; Chicken Tikka Bowl,25.50,2.42,27.92
DP-23842C,2026-08-06T02:11:44Z,2026-08-06T02:46:44Z,2026-08-06T02:35:04Z,delivered,Paneer Wrap; Dal Makhani,21.50,2.04,23.54
DP-E45ED9,2026-08-06T02:15:17Z,2026-08-06T02:50:17Z,2026-08-06T02:50:08Z,delivered,Mango Lassi; Paneer Wrap; Butter Chicken Plate; Mango Lassi,37.50,3.56,41.06
DP-D970B6,2026-08-06T02:25:21Z,2026-08-06T03:00:21Z,2026-08-06T02:55:40Z,delivered,Garlic Naan; Garlic Naan,7.00,0.67,7.67
DP-898D62,2026-08-06T02:32:49Z,2026-08-06T03:07:49Z,2026-08-06T03:01:23Z,delivered,Dal Makhani,10.00,0.95,10.95
DP-898D62,2026-08-06T02:32:49Z,2026-08-06T03:07:49Z,2026-08-06T03:01:23Z,delivered,Dal Makhani,10.00,0.95,10.95
DP-240F6A,2026-08-06T02:32:56Z,2026-08-06T03:07:56Z,2026-08-06T02:58:30Z,delivered,Mango Lassi; Samosa (2),11.00,1.04,12.04
DP-C037CE,2026-08-06T03:28:29Z,2026-08-06T04:03:29Z,2026-08-06T04:02:58Z,delivered,Chicken Tikka Bowl; Paneer Wrap,25.00,2.38,27.38
DP-96B163,2026-08-06T04:24:42Z,2026-08-06T04:59:42Z,2026-08-06T04:54:11Z,delivered,Garlic Naan; Samosa (2),9.50,0.90,10.40
DP-EF7748,2026-08-06T18:06:24Z,2026-08-06T18:41:24Z,,cancelled,Garlic Naan; Chana Masala Bowl; Samosa (2); Samosa (2),27.50,2.61,30.11
DP-A29ECD,2026-08-06T18:20:12Z,2026-08-06T18:55:12Z,2026-08-06T18:52:17Z,delivered,Paneer Wrap; Chana Masala Bowl,23.50,2.23,25.73
DP-F3EA3E,2026-08-06T18:34:22Z,2026-08-06T19:09:22Z,2026-08-06T18:59:26Z,delivered,Garlic Naan,3.50,0.33,3.83
DP-044E9C,2026-08-06T18:51:58Z,2026-08-06T19:26:58Z,2026-08-06T19:24:52Z,delivered,Mango Lassi; Paneer Wrap; Paneer Wrap,28.00,2.66,30.66
DP-91B10B,2026-08-06T19:02:06Z,2026-08-06T19:37:06Z,2026-08-06T19:30:19Z,delivered,Dal Makhani,10.00,0.95,10.95
DP-CBD494,2026-08-06T19:04:19Z,2026-08-06T19:39:19Z,2026-08-06T19:28:22Z,delivered,Butter Chicken Plate,16.00,1.52,17.52
DP-ECB75D,2026-08-06T19:11:45Z,2026-08-06T19:46:45Z,2026-08-06T19:32:39Z,delivered,Mango Lassi; Paneer Wrap; Dal Makhani,26.50,2.52,29.02
DP-8E227F,2026-08-06T19:21:34Z,2026-08-06T19:56:34Z,2026-08-06T20:27:34Z,delivered,Butter Chicken Plate; Dal Makhani; Chicken Tikka Bowl,39.50,3.75,43.25
DP-81F519,2026-08-06T19:34:05Z,2026-08-06T20:09:05Z,2026-08-06T20:04:00Z,delivered,Chicken Tikka Bowl; Dal Makhani; Mango Lassi; Butter Chicken Plate,44.50,4.23,48.73
DP-7F51A2,2026-08-06T19:39:22Z,2026-08-06T20:14:22Z,2026-08-06T20:14:53Z,delivered,Chana Masala Bowl; Mango Lassi; Garlic Naan; Garlic Naan; Paneer Wrap,35.50,3.37,38.87
DP-7CCF84,2026-08-06T19:41:45Z,2026-08-06T20:16:45Z,2026-08-06T20:09:46Z,delivered,Garlic Naan; Chicken Tikka Bowl,17.00,1.61,18.61
DP-38CE76,2026-08-06T20:06:13Z,2026-08-06T20:41:13Z,2026-08-06T20:40:43Z,delivered,Chana Masala Bowl; Samosa (2),18.00,1.71,19.71
DP-3EB798,2026-08-06T20:39:57Z,2026-08-06T21:14:57Z,2026-08-06T21:12:08Z,delivered,Chicken Tikka Bowl,13.50,1.28,14.78
DP-53589E,2026-08-06T20:45:51Z,2026-08-06T21:20:51Z,2026-08-06T21:14:07Z,delivered,Butter Chicken Plate; Mango Lassi; Dal Makhani,31.00,2.94,33.94
DP-85E2F6,2026-08-06T20:57:13Z,2026-08-06T21:32:13Z,2026-08-06T21:21:43Z,delivered,Chana Masala Bowl; Mango Lassi; Butter Chicken Plate,33.00,3.14,36.14
DP-01C84A,2026-08-06T21:36:48Z,2026-08-06T22:11:48Z,2026-08-06T21:59:52Z,delivered,Chicken Tikka Bowl; Mango Lassi; Mango Lassi; Garlic Naan,27.00,2.56,29.56
DP-9C12BA,2026-08-06T22:07:17Z,2026-08-06T22:42:17Z,2026-08-06T22:27:25Z,delivered,Mango Lassi,5.00,0.47,5.47
DP-641607,2026-08-06T23:35:20Z,2026-08-07T00:10:20Z,2026-08-07T00:01:49Z,delivered,Butter Chicken Plate; Dal Makhani,26.00,2.47,28.47
DP-E47214,2026-08-06T23:43:03Z,2026-08-07T00:18:03Z,2026-08-07T00:12:38Z,delivered,Chicken Tikka Bowl; Mango Lassi,18.50,1.76,20.26
DP-726DAC,2026-08-07T00:03:05Z,2026-08-07T00:38:05Z,2026-08-07T00:32:32Z,delivered,Chana Masala Bowl; Samosa (2),18.00,1.71,19.71
DP-143C50,2026-08-07T00:05:52Z,2026-08-07T00:40:52Z,2026-08-07T00:34:34Z,delivered,Butter Chicken Plate; Chicken Tikka Bowl; Chicken Tikka Bowl; Chana Masala Bowl,55.00,5.22,60.22
DP-15F29B,2026-08-07T00:17:09Z,2026-08-07T00:52:09Z,2026-08-07T00:53:09Z,delivered,Paneer Wrap; Paneer Wrap,23.00,2.19,25.19
DP-4FF551,2026-08-07T00:18:36Z,2026-08-07T00:53:36Z,2026-08-07T00:50:53Z,delivered,Samosa (2),6.00,0.57,6.57
DP-AD6A73,2026-08-07T00:27:25Z,2026-08-07T01:02:25Z,2026-08-07T00:51:04Z,delivered,Butter Chicken Plate; Paneer Wrap,27.50,2.61,30.11
DP-4E6B86,2026-08-07T00:48:29Z,2026-08-07T01:23:29Z,2026-08-07T01:12:35Z,delivered,Chicken Tikka Bowl; Chicken Tikka Bowl,27.00,2.56,29.56
DP-72DF6F,2026-08-07T00:53:44Z,2026-08-07T01:28:44Z,2026-08-07T01:27:03Z,delivered,Dal Makhani; Chicken Tikka Bowl; Garlic Naan; Paneer Wrap,38.50,3.66,42.16
DP-1DCF3E,2026-08-07T01:06:29Z,2026-08-07T01:41:29Z,2026-08-07T01:34:37Z,delivered,Butter Chicken Plate; Chicken Tikka Bowl,29.50,2.80,32.30
DP-4C5BE0,2026-08-07T01:09:10Z,2026-08-07T01:44:10Z,2026-08-07T01:41:27Z,delivered,Butter Chicken Plate; Garlic Naan; Samosa (2); Chicken Tikka Bowl,39.00,3.71,42.71
DP-B13CBE,2026-08-07T01:17:34Z,2026-08-07T01:52:34Z,2026-08-07T01:47:53Z,delivered,Samosa (2); Samosa (2); Chana Masala Bowl,24.00,2.28,26.28
DP-AB8D81,2026-08-07T01:19:43Z,2026-08-07T01:54:43Z,2026-08-07T01:47:33Z,delivered,Samosa (2),6.00,0.57,6.57
DP-26E22C,2026-08-07T01:28:42Z,2026-08-07T02:03:42Z,2026-08-07T02:02:07Z,delivered,Dal Makhani; Butter Chicken Plate; Butter Chicken Plate; Chana Masala Bowl,54.00,5.13,59.13
DP-7ADAAF,2026-08-07T01:29:56Z,2026-08-07T02:04:56Z,2026-08-07T01:56:30Z,delivered,Mango Lassi; Mango Lassi; Dal Makhani,20.00,1.90,21.90
DP-595545,2026-08-07T01:33:49Z,2026-08-07T02:08:49Z,2026-08-07T02:05:33Z,delivered,Chicken Tikka Bowl; Samosa (2),19.50,1.85,21.35
DP-F4EA40,2026-08-07T01:42:51Z,2026-08-07T02:17:51Z,2026-08-07T02:18:52Z,delivered,Samosa (2); Dal Makhani; Mango Lassi; Dal Makhani; Chana Masala Bowl,43.00,4.08,47.08
DP-7EB2A1,2026-08-07T02:00:39Z,2026-08-07T02:35:39Z,2026-08-07T02:26:12Z,delivered,Paneer Wrap; Paneer Wrap; Dal Makhani,33.00,3.14,36.14
DP-DBCB09,2026-08-07T02:08:01Z,2026-08-07T02:43:01Z,2026-08-07T02:28:59Z,delivered,Dal Makhani; Mango Lassi,15.00,1.43,16.43
DP-2469FA,2026-08-07T02:20:49Z,2026-08-07T02:55:49Z,2026-08-07T02:46:26Z,delivered,Garlic Naan,3.50,0.33,3.83
DP-9FE700,2026-08-07T02:28:03Z,2026-08-07T03:03:03Z,2026-08-07T03:00:39Z,delivered,Dal Makhani,10.00,0.95,10.95
DP-2BFD8F,2026-08-07T02:35:32Z,2026-08-07T03:10:32Z,2026-08-07T03:04:13Z,delivered,Butter Chicken Plate; Samosa (2); Chicken Tikka Bowl; Dal Makhani; Chana Masala Bowl,57.50,5.46,62.96
DP-535AA9,2026-08-07T02:36:08Z,2026-08-07T03:11:08Z,2026-08-07T03:02:36Z,delivered,Samosa (2); Butter Chicken Plate,22.00,2.09,24.09
DP-3DE234,2026-08-07T02:37:40Z,2026-08-07T03:12:40Z,2026-08-07T03:07:58Z,delivered,Mango Lassi; Samosa (2); Dal Makhani; Samosa (2); Chana Masala Bowl,39.00,3.71,42.71
DP-2D320F,2026-08-07T02:42:47Z,2026-08-07T03:17:47Z,2026-08-07T03:09:08Z,delivered,Chicken Tikka Bowl; Paneer Wrap; Butter Chicken Plate,41.00,3.90,44.90
DP-65B024,2026-08-07T02:44:28Z,2026-08-07T03:19:28Z,2026-08-07T03:12:57Z,delivered,Dal Makhani; Samosa (2); Samosa (2); Chana Masala Bowl,34.00,3.23,37.23
DP-65B024,2026-08-07T02:44:28Z,2026-08-07T03:19:28Z,2026-08-07T03:12:57Z,delivered,Dal Makhani; Samosa (2); Samosa (2); Chana Masala Bowl,34.00,3.23,37.23
DP-36FB5E,2026-08-07T02:52:12Z,2026-08-07T03:27:12Z,2026-08-07T03:22:09Z,delivered,Butter Chicken Plate; Chana Masala Bowl; Samosa (2),34.00,3.23,37.23
DP-12AF3C,2026-08-07T02:59:48Z,2026-08-07T03:34:48Z,2026-08-07T03:22:42Z,delivered,Dal Makhani; Mango Lassi,15.00,1.43,16.43
DP-234CC3,2026-08-07T03:15:10Z,2026-08-07T03:50:10Z,2026-08-07T03:48:36Z,delivered,Chana Masala Bowl; Butter Chicken Plate; Samosa (2),34.00,3.23,37.23
DP-CBFCF8,2026-08-07T03:17:07Z,2026-08-07T03:52:07Z,2026-08-07T03:45:37Z,delivered,Mango Lassi,5.00,0.47,5.47
DP-32FE69,2026-08-07T03:19:01Z,2026-08-07T03:54:01Z,2026-08-07T04:35:01Z,delivered,Mango Lassi; Dal Makhani; Samosa (2),21.00,2.00,23.00
DP-95FD49,2026-08-07T03:19:21Z,2026-08-07T03:54:21Z,2026-08-07T03:47:47Z,delivered,Mango Lassi; Butter Chicken Plate; Mango Lassi,26.00,2.47,28.47
DP-9A1014,2026-08-07T03:30:57Z,2026-08-07T04:05:57Z,2026-08-07T03:57:27Z,delivered,Samosa (2); Chicken Tikka Bowl; Samosa (2); Garlic Naan,29.00,2.75,31.75
DP-1EDD80,2026-08-07T03:38:57Z,2026-08-07T04:13:57Z,2026-08-07T04:13:41Z,delivered,Chicken Tikka Bowl; Samosa (2); Garlic Naan,23.00,2.19,25.19
DP-D6F269,2026-08-07T03:44:29Z,2026-08-07T04:19:29Z,2026-08-07T04:13:25Z,delivered,Dal Makhani; Garlic Naan,13.50,1.28,14.78
DP-DA6DC8,2026-08-07T03:45:48Z,2026-08-07T04:20:48Z,2026-08-07T04:10:39Z,delivered,Mango Lassi; Chana Masala Bowl; Chicken Tikka Bowl,30.50,2.90,33.40
DP-16BE47,2026-08-07T04:12:18Z,2026-08-07T04:47:18Z,2026-08-07T04:47:06Z,delivered,Dal Makhani,10.00,0.95,10.95
DP-079EFD,2026-08-07T04:19:40Z,2026-08-07T04:54:40Z,2026-08-07T04:46:39Z,delivered,Chicken Tikka Bowl; Paneer Wrap,25.00,2.38,27.38
DP-EACF44,2026-08-07T18:08:30Z,2026-08-07T18:43:30Z,2026-08-07T18:43:14Z,delivered,Mango Lassi; Mango Lassi,10.00,0.95,10.95
DP-509326,2026-08-07T18:09:50Z,2026-08-07T18:44:50Z,2026-08-07T18:42:48Z,delivered,Chicken Tikka Bowl; Paneer Wrap; Mango Lassi; Chicken Tikka Bowl; Butter Chicken Plate,59.50,5.65,65.15
DP-0AD5D0,2026-08-07T18:19:18Z,2026-08-07T18:54:18Z,2026-08-07T18:51:11Z,delivered,Samosa (2); Garlic Naan; Dal Makhani; Butter Chicken Plate,35.50,3.37,38.87
DP-C3A4DA,2026-08-07T18:23:36Z,2026-08-07T18:58:36Z,2026-08-07T18:56:01Z,delivered,Butter Chicken Plate; Chicken Tikka Bowl,29.50,2.80,32.30
DP-D70837,2026-08-07T18:24:33Z,2026-08-07T18:59:33Z,2026-08-07T18:55:00Z,delivered,Chana Masala Bowl; Dal Makhani; Garlic Naan,25.50,2.42,27.92
DP-9501F8,2026-08-07T18:45:29Z,2026-08-07T19:20:29Z,2026-08-07T20:00:29Z,delivered,Garlic Naan; Samosa (2); Paneer Wrap,21.00,2.00,23.00
DP-6AA8E8,2026-08-07T18:56:18Z,2026-08-07T19:31:18Z,2026-08-07T19:24:07Z,delivered,Samosa (2); Samosa (2),12.00,1.14,13.14
DP-FC220E,2026-08-07T19:07:07Z,2026-08-07T19:42:07Z,2026-08-07T19:39:10Z,delivered,Samosa (2); Garlic Naan; Samosa (2),15.50,1.47,16.97
DP-977FB1,2026-08-07T19:09:32Z,2026-08-07T19:44:32Z,2026-08-07T19:39:19Z,delivered,Paneer Wrap; Chicken Tikka Bowl,25.00,2.38,27.38
DP-242487,2026-08-07T19:10:35Z,2026-08-07T19:45:35Z,2026-08-07T20:15:35Z,delivered,Dal Makhani; Paneer Wrap; Chicken Tikka Bowl; Dal Makhani,45.00,4.28,49.28
DP-EFB171,2026-08-07T19:14:22Z,2026-08-07T19:49:22Z,2026-08-07T19:49:39Z,delivered,Garlic Naan; Mango Lassi,8.50,0.81,9.31
DP-0FD0A8,2026-08-07T19:44:13Z,2026-08-07T20:19:13Z,2026-08-07T20:09:14Z,delivered,Mango Lassi; Paneer Wrap,16.50,1.57,18.07
DP-11CA24,2026-08-07T19:49:25Z,2026-08-07T20:24:25Z,2026-08-07T20:20:30Z,delivered,Mango Lassi,5.00,0.47,5.47
DP-CED3A0,2026-08-07T19:50:09Z,2026-08-07T20:25:09Z,,cancelled,Samosa (2); Paneer Wrap,17.50,1.66,19.16
DP-1149DB,2026-08-07T19:52:47Z,2026-08-07T20:27:47Z,2026-08-07T20:23:35Z,delivered,Chana Masala Bowl; Chana Masala Bowl,24.00,2.28,26.28
DP-662A6F,2026-08-07T19:57:40Z,2026-08-07T20:32:40Z,2026-08-07T20:20:53Z,delivered,Mango Lassi; Samosa (2); Samosa (2),17.00,1.61,18.61
DP-AC6C50,2026-08-07T20:02:47Z,2026-08-07T20:37:47Z,2026-08-07T20:34:46Z,delivered,Butter Chicken Plate; Samosa (2),22.00,2.09,24.09
DP-5A7560,2026-08-07T20:07:23Z,2026-08-07T20:42:23Z,,cancelled,Dal Makhani,10.00,0.95,10.95
DP-D23446,2026-08-07T20:08:31Z,2026-08-07T20:43:31Z,2026-08-07T20:32:36Z,delivered,Garlic Naan,3.50,0.33,3.83
DP-F62F25,2026-08-07T20:08:45Z,2026-08-07T20:43:45Z,2026-08-07T20:31:56Z,delivered,Samosa (2); Mango Lassi,11.00,1.04,12.04
DP-76E7C6,2026-08-07T20:13:28Z,2026-08-07T20:48:28Z,2026-08-07T20:44:34Z,delivered,Garlic Naan; Chana Masala Bowl,15.50,1.47,16.97
DP-FA8C05,2026-08-07T20:26:05Z,2026-08-07T21:01:05Z,2026-08-07T20:57:20Z,delivered,Dal Makhani; Butter Chicken Plate,26.00,2.47,28.47
DP-A89864,2026-08-07T20:31:00Z,2026-08-07T21:06:00Z,2026-08-07T20:55:52Z,delivered,Dal Makhani; Chicken Tikka Bowl; Dal Makhani; Dal Makhani; Samosa (2),49.50,4.70,54.20
DP-EEA2A6,2026-08-07T20:42:34Z,2026-08-07T21:17:34Z,2026-08-07T21:38:34Z,delivered,Garlic Naan; Paneer Wrap,15.00,1.43,16.43
DP-C9A014,2026-08-07T20:49:23Z,2026-08-07T21:24:23Z,2026-08-07T21:16:34Z,delivered,Samosa (2),6.00,0.57,6.57
DP-E92535,2026-08-07T21:37:26Z,2026-08-07T22:12:26Z,2026-08-07T22:05:23Z,delivered,Mango Lassi,5.00,0.47,5.47
DP-34DF2C,2026-08-07T21:57:19Z,2026-08-07T22:32:19Z,2026-08-07T22:29:06Z,delivered,Paneer Wrap; Chana Masala Bowl; Paneer Wrap; Dal Makhani; Garlic Naan,48.50,4.61,53.11
DP-C7AFEE,2026-08-07T22:29:06Z,2026-08-07T23:04:06Z,2026-08-07T22:53:19Z,delivered,Butter Chicken Plate; Dal Makhani; Mango Lassi,31.00,2.94,33.94
DP-3C1758,2026-08-07T22:52:10Z,2026-08-07T23:27:10Z,2026-08-07T23:26:52Z,delivered,Dal Makhani; Butter Chicken Plate; Paneer Wrap; Mango Lassi,42.50,4.04,46.54
DP-02ECAC,2026-08-07T23:35:33Z,2026-08-08T00:10:33Z,2026-08-08T00:05:30Z,delivered,Garlic Naan; Chicken Tikka Bowl; Chicken Tikka Bowl; Dal Makhani,40.50,3.85,44.35
DP-03593C,2026-08-08T00:04:23Z,2026-08-08T00:39:23Z,2026-08-08T00:29:46Z,delivered,Chicken Tikka Bowl,13.50,1.28,14.78
DP-3C9E10,2026-08-08T00:07:38Z,2026-08-08T00:42:38Z,2026-08-08T00:37:45Z,delivered,Garlic Naan,3.50,0.33,3.83
DP-551D3A,2026-08-08T00:12:52Z,2026-08-08T00:47:52Z,2026-08-08T00:44:36Z,delivered,Paneer Wrap; Paneer Wrap,23.00,2.19,25.19
DP-8B126D,2026-08-08T00:22:04Z,2026-08-08T00:57:04Z,2026-08-08T00:49:18Z,delivered,Mango Lassi; Butter Chicken Plate,21.00,2.00,23.00
DP-F2A0EC,2026-08-08T01:03:59Z,2026-08-08T01:38:59Z,2026-08-08T01:32:41Z,delivered,Paneer Wrap; Chicken Tikka Bowl,25.00,2.38,27.38
DP-17EA48,2026-08-08T01:09:45Z,2026-08-08T01:44:45Z,2026-08-08T02:24:45Z,delivered,Chicken Tikka Bowl; Garlic Naan,17.00,1.61,18.61
DP-CA5E02,2026-08-08T01:13:11Z,2026-08-08T01:48:11Z,2026-08-08T02:22:11Z,delivered,Butter Chicken Plate; Paneer Wrap; Chicken Tikka Bowl; Chana Masala Bowl,53.00,5.04,58.04
DP-5799E6,2026-08-08T01:23:58Z,2026-08-08T01:58:58Z,2026-08-08T01:49:50Z,delivered,Mango Lassi; Butter Chicken Plate,21.00,2.00,23.00
DP-9458CE,2026-08-08T01:27:53Z,2026-08-08T02:02:53Z,2026-08-08T01:58:39Z,delivered,Dal Makhani; Garlic Naan,13.50,1.28,14.78
DP-CBCF92,2026-08-08T01:33:09Z,2026-08-08T02:08:09Z,2026-08-08T02:38:09Z,delivered,Chicken Tikka Bowl; Butter Chicken Plate,29.50,2.80,32.30
DP-D77F1B,2026-08-08T01:33:37Z,2026-08-08T02:08:37Z,2026-08-08T02:32:37Z,delivered,Chicken Tikka Bowl; Chana Masala Bowl; Dal Makhani,35.50,3.37,38.87
DP-26D5D8,2026-08-08T01:36:43Z,2026-08-08T02:11:43Z,2026-08-08T02:10:45Z,delivered,Garlic Naan; Dal Makhani; Garlic Naan,17.00,1.61,18.61
DP-032DD9,2026-08-08T01:40:27Z,2026-08-08T02:15:27Z,2026-08-08T02:13:45Z,delivered,Chana Masala Bowl; Chana Masala Bowl; Samosa (2),30.00,2.85,32.85
DP-DE3529,2026-08-08T01:47:15Z,2026-08-08T02:22:15Z,2026-08-08T02:11:19Z,delivered,Butter Chicken Plate,16.00,1.52,17.52
DP-01360C,2026-08-08T01:52:45Z,2026-08-08T02:27:45Z,2026-08-08T02:23:34Z,delivered,Dal Makhani; Mango Lassi; Mango Lassi,20.00,1.90,21.90
DP-A30EC4,2026-08-08T01:55:16Z,2026-08-08T02:30:16Z,2026-08-08T02:26:47Z,delivered,Butter Chicken Plate,16.00,1.52,17.52
DP-0B1AE7,2026-08-08T02:05:03Z,2026-08-08T02:40:03Z,2026-08-08T02:31:31Z,delivered,Garlic Naan; Butter Chicken Plate; Samosa (2),25.50,2.42,27.92
DP-14F29E,2026-08-08T02:06:20Z,2026-08-08T02:41:20Z,2026-08-08T02:36:26Z,delivered,Mango Lassi,5.00,0.47,5.47
DP-878F34,2026-08-08T02:07:35Z,2026-08-08T02:42:35Z,2026-08-08T02:40:01Z,delivered,Mango Lassi; Butter Chicken Plate; Samosa (2); Paneer Wrap; Butter Chicken Plate,54.50,5.18,59.68
DP-63B4AC,2026-08-08T02:18:02Z,2026-08-08T02:53:02Z,2026-08-08T02:41:56Z,delivered,Chicken Tikka Bowl; Dal Makhani; Chicken Tikka Bowl,37.00,3.52,40.52
DP-A497FE,2026-08-08T02:19:18Z,2026-08-08T02:54:18Z,2026-08-08T02:52:28Z,delivered,Dal Makhani,10.00,0.95,10.95
DP-6F9C1A,2026-08-08T02:19:23Z,2026-08-08T02:54:23Z,2026-08-08T02:48:34Z,delivered,Paneer Wrap,11.50,1.09,12.59
DP-DFBCC2,2026-08-08T02:25:37Z,2026-08-08T03:00:37Z,2026-08-08T02:46:35Z,delivered,Dal Makhani; Dal Makhani,20.00,1.90,21.90
DP-F94666,2026-08-08T02:26:30Z,2026-08-08T03:01:30Z,2026-08-08T03:31:30Z,delivered,Chicken Tikka Bowl; Samosa (2); Butter Chicken Plate,35.50,3.37,38.87
DP-D4C713,2026-08-08T02:28:44Z,2026-08-08T03:03:44Z,2026-08-08T02:54:23Z,delivered,Mango Lassi; Dal Makhani,15.00,1.43,16.43
DP-323F70,2026-08-08T02:32:55Z,2026-08-08T03:07:55Z,2026-08-08T03:07:14Z,delivered,Mango Lassi; Dal Makhani; Butter Chicken Plate,31.00,2.94,33.94
DP-0CF236,2026-08-08T02:33:07Z,2026-08-08T03:08:07Z,2026-08-08T03:31:07Z,delivered,Butter Chicken Plate; Chana Masala Bowl; Chana Masala Bowl; Chicken Tikka Bowl; Mango Lassi,58.50,5.56,64.06
DP-5D0791,2026-08-08T02:37:31Z,2026-08-08T03:12:31Z,2026-08-08T03:04:51Z,delivered,Dal Makhani; Mango Lassi; Chana Masala Bowl; Mango Lassi; Samosa (2),38.00,3.61,41.61
DP-716496,2026-08-08T02:42:50Z,2026-08-08T03:17:50Z,2026-08-08T03:12:10Z,delivered,Paneer Wrap; Samosa (2); Dal Makhani; Chana Masala Bowl; Garlic Naan,43.00,4.08,47.08
DP-86B5D4,2026-08-08T02:46:26Z,2026-08-08T03:21:26Z,2026-08-08T03:41:26Z,delivered,Garlic Naan; Garlic Naan,7.00,0.67,7.67
DP-7803C7,2026-08-08T02:54:26Z,2026-08-08T03:29:26Z,2026-08-08T03:26:26Z,delivered,Butter Chicken Plate; Butter Chicken Plate,32.00,3.04,35.04
DP-5BCF48,2026-08-08T03:08:45Z,2026-08-08T03:43:45Z,2026-08-08T03:34:34Z,delivered,Chana Masala Bowl,12.00,1.14,13.14
DP-BE98D7,2026-08-08T03:27:56Z,2026-08-08T04:02:56Z,2026-08-08T04:21:56Z,delivered,Butter Chicken Plate; Dal Makhani,26.00,2.47,28.47
DP-25129F,2026-08-08T03:36:45Z,2026-08-08T04:11:45Z,2026-08-08T04:04:43Z,delivered,Chicken Tikka Bowl; Garlic Naan; Chana Masala Bowl; Mango Lassi,34.00,3.23,37.23
DP-0DB71E,2026-08-08T03:43:33Z,2026-08-08T04:18:33Z,2026-08-08T04:13:07Z,delivered,Paneer Wrap; Chana Masala Bowl; Butter Chicken Plate; Samosa (2); Chana Masala Bowl,57.50,5.46,62.96
DP-9F9860,2026-08-08T03:59:31Z,2026-08-08T04:34:31Z,2026-08-08T04:36:51Z,delivered,Garlic Naan; Paneer Wrap; Dal Makhani,25.00,2.38,27.38
DP-5CB03D,2026-08-08T04:29:30Z,2026-08-08T05:04:30Z,2026-08-08T05:45:30Z,delivered,Butter Chicken Plate; Chana Masala Bowl,28.00,2.66,30.66
DP-EE54BD,2026-08-08T04:31:01Z,2026-08-08T05:06:01Z,2026-08-08T04:55:12Z,delivered,Paneer Wrap,11.50,1.09,12.59
DP-FF4ACC,2026-08-08T04:36:19Z,2026-08-08T05:11:19Z,2026-08-08T05:12:22Z,delivered,Butter Chicken Plate,16.00,1.52,17.52
DP-D74578,2026-08-08T04:54:38Z,2026-08-08T05:29:38Z,2026-08-08T05:25:09Z,delivered,Dal Makhani; Paneer Wrap; Garlic Naan,25.00,2.38,27.38
DP-864D06,2026-08-08T04:55:02Z,2026-08-08T05:30:02Z,2026-08-08T05:27:50Z,delivered,Chicken Tikka Bowl,13.50,1.28,14.78
DP-68568C,2026-08-08T18:04:31Z,2026-08-08T18:39:31Z,2026-08-08T18:34:09Z,delivered,Dal Makhani,10.00,0.95,10.95
DP-2E518D,2026-08-08T18:18:29Z,2026-08-08T18:53:29Z,2026-08-08T18:49:26Z,delivered,Samosa (2); Garlic Naan,9.50,0.90,10.40
DP-EA72C9,2026-08-08T18:22:30Z,2026-08-08T18:57:30Z,2026-08-08T18:48:51Z,delivered,Paneer Wrap; Butter Chicken Plate; Dal Makhani,37.50,3.56,41.06
DP-F18D33,2026-08-08T18:31:50Z,2026-08-08T19:06:50Z,,cancelled,Samosa (2); Garlic Naan,9.50,0.90,10.40
DP-0E94C1,2026-08-08T18:35:41Z,2026-08-08T19:10:41Z,2026-08-08T19:04:34Z,delivered,Chicken Tikka Bowl; Samosa (2); Chicken Tikka Bowl; Butter Chicken Plate,49.00,4.66,53.66
DP-3B3071,2026-08-08T18:40:04Z,2026-08-08T19:15:04Z,2026-08-08T19:13:22Z,delivered,Chana Masala Bowl; Butter Chicken Plate; Samosa (2); Garlic Naan,37.50,3.56,41.06
DP-928AC8,2026-08-08T19:01:33Z,2026-08-08T19:36:33Z,2026-08-08T19:39:28Z,delivered,Chana Masala Bowl; Mango Lassi; Butter Chicken Plate,33.00,3.14,36.14
DP-F72892,2026-08-08T19:05:36Z,2026-08-08T19:40:36Z,2026-08-08T19:28:51Z,delivered,Paneer Wrap; Paneer Wrap,23.00,2.19,25.19
DP-A9E434,2026-08-08T19:07:57Z,2026-08-08T19:42:57Z,2026-08-08T19:38:26Z,delivered,Samosa (2); Garlic Naan,9.50,0.90,10.40
DP-70E580,2026-08-08T19:10:11Z,2026-08-08T19:45:11Z,2026-08-08T19:37:38Z,delivered,Mango Lassi; Samosa (2),11.00,1.04,12.04
DP-D696C5,2026-08-08T19:12:34Z,2026-08-08T19:47:34Z,2026-08-08T19:42:49Z,delivered,Mango Lassi; Garlic Naan; Butter Chicken Plate,24.50,2.33,26.83
DP-378F65,2026-08-08T19:17:30Z,2026-08-08T19:52:30Z,2026-08-08T19:48:47Z,delivered,Samosa (2); Dal Makhani; Dal Makhani,26.00,2.47,28.47
DP-E40FDA,2026-08-08T19:22:45Z,2026-08-08T19:57:45Z,2026-08-08T19:56:28Z,delivered,Dal Makhani,10.00,0.95,10.95
DP-54339A,2026-08-08T19:31:27Z,2026-08-08T20:06:27Z,2026-08-08T20:01:40Z,delivered,Samosa (2); Dal Makhani,16.00,1.52,17.52
DP-04D74B,2026-08-08T19:51:50Z,2026-08-08T20:26:50Z,2026-08-08T20:27:18Z,delivered,Paneer Wrap; Garlic Naan,15.00,1.43,16.43
DP-BACD89,2026-08-08T19:55:23Z,2026-08-08T20:30:23Z,2026-08-08T20:23:47Z,delivered,Samosa (2),6.00,0.57,6.57
DP-959F92,2026-08-08T20:01:34Z,2026-08-08T20:36:34Z,2026-08-08T20:31:09Z,delivered,Chicken Tikka Bowl; Mango Lassi; Chicken Tikka Bowl,32.00,3.04,35.04
DP-42846D,2026-08-08T20:12:05Z,2026-08-08T20:47:05Z,2026-08-08T20:42:06Z,delivered,Butter Chicken Plate; Dal Makhani; Paneer Wrap,37.50,3.56,41.06
DP-DA4684,2026-08-08T20:28:51Z,2026-08-08T21:03:51Z,2026-08-08T20:56:22Z,delivered,Paneer Wrap; Dal Makhani,21.50,2.04,23.54
DP-BDEDDE,2026-08-08T20:31:54Z,2026-08-08T21:06:54Z,2026-08-08T21:02:30Z,delivered,Chicken Tikka Bowl,13.50,1.28,14.78
DP-C4C0EE,2026-08-08T20:32:48Z,2026-08-08T21:07:48Z,2026-08-08T20:59:14Z,delivered,Butter Chicken Plate; Chicken Tikka Bowl; Dal Makhani; Butter Chicken Plate,55.50,5.27,60.77
DP-474990,2026-08-08T20:57:11Z,2026-08-08T21:32:11Z,2026-08-08T21:27:36Z,delivered,Paneer Wrap; Butter Chicken Plate; Butter Chicken Plate; Chicken Tikka Bowl,57.00,5.42,62.42
DP-578E3D,2026-08-08T21:03:17Z,2026-08-08T21:38:17Z,2026-08-08T21:36:25Z,delivered,Chicken Tikka Bowl,13.50,1.28,14.78
DP-3EDD40,2026-08-08T22:07:21Z,2026-08-08T22:42:21Z,2026-08-08T22:43:07Z,delivered,Butter Chicken Plate; Garlic Naan,19.50,1.85,21.35
DP-5B6BC2,2026-08-08T22:12:38Z,2026-08-08T22:47:38Z,2026-08-08T22:41:06Z,delivered,Chana Masala Bowl,12.00,1.14,13.14
DP-584ABC,2026-08-08T22:20:08Z,2026-08-08T22:55:08Z,2026-08-08T22:43:16Z,delivered,Chicken Tikka Bowl,13.50,1.28,14.78
DP-5CD218,2026-08-08T22:29:59Z,2026-08-08T23:04:59Z,2026-08-08T23:02:24Z,delivered,Butter Chicken Plate,16.00,1.52,17.52
DP-765D62,2026-08-08T22:40:38Z,2026-08-08T23:15:38Z,2026-08-08T23:11:05Z,delivered,Butter Chicken Plate; Paneer Wrap; Chicken Tikka Bowl,41.00,3.90,44.90
DP-6FBB42,2026-08-08T22:47:16Z,2026-08-08T23:22:16Z,2026-08-08T23:21:03Z,delivered,Garlic Naan; Butter Chicken Plate,19.50,1.85,21.35
DP-59279C,2026-08-08T23:34:00Z,2026-08-09T00:09:00Z,,cancelled,Butter Chicken Plate; Mango Lassi; Dal Makhani,31.00,2.94,33.94
DP-F21B2D,2026-08-08T23:57:11Z,2026-08-09T00:32:11Z,2026-08-09T01:05:11Z,delivered,Butter Chicken Plate; Mango Lassi; Chana Masala Bowl,33.00,3.14,36.14
DP-C0F1CC,2026-08-09T00:09:40Z,2026-08-09T00:44:40Z,2026-08-09T00:42:27Z,delivered,Garlic Naan; Garlic Naan; Chana Masala Bowl,19.00,1.80,20.80
DP-107121,2026-08-09T00:18:16Z,2026-08-09T00:53:16Z,2026-08-09T00:59:11Z,delivered,Chana Masala Bowl,12.00,1.14,13.14
DP-B7E9B9,2026-08-09T00:49:22Z,2026-08-09T01:24:22Z,2026-08-09T01:10:22Z,delivered,Paneer Wrap; Dal Makhani; Samosa (2); Butter Chicken Plate,43.50,4.13,47.63
DP-417EE3,2026-08-09T00:56:20Z,2026-08-09T01:31:20Z,2026-08-09T01:27:42Z,delivered,Chicken Tikka Bowl,13.50,1.28,14.78
DP-191B0A,2026-08-09T01:05:04Z,2026-08-09T01:40:04Z,2026-08-09T01:34:45Z,delivered,Dal Makhani; Paneer Wrap; Chicken Tikka Bowl; Samosa (2); Garlic Naan,44.50,4.23,48.73
DP-D85CE7,2026-08-09T01:08:29Z,2026-08-09T01:43:29Z,2026-08-09T01:45:21Z,delivered,Chicken Tikka Bowl,13.50,1.28,14.78
DP-039A85,2026-08-09T01:13:01Z,2026-08-09T01:48:01Z,,cancelled,Chicken Tikka Bowl; Mango Lassi,18.50,1.76,20.26
DP-D128A2,2026-08-09T01:19:00Z,2026-08-09T01:54:00Z,2026-08-09T01:48:56Z,delivered,Dal Makhani; Dal Makhani,20.00,1.90,21.90
DP-171880,2026-08-09T01:25:06Z,2026-08-09T02:00:06Z,2026-08-09T01:52:09Z,delivered,Samosa (2); Chicken Tikka Bowl; Paneer Wrap,31.00,2.94,33.94
DP-ADBF90,2026-08-09T01:32:25Z,2026-08-09T02:07:25Z,2026-08-09T02:02:12Z,delivered,Chicken Tikka Bowl,13.50,1.28,14.78
DP-AB6C14,2026-08-09T01:37:55Z,2026-08-09T02:12:55Z,2026-08-09T02:13:33Z,delivered,Butter Chicken Plate; Butter Chicken Plate,32.00,3.04,35.04
DP-A8697A,2026-08-09T01:40:40Z,2026-08-09T02:15:40Z,2026-08-09T02:39:40Z,delivered,Samosa (2); Paneer Wrap,17.50,1.66,19.16
DP-7ED747,2026-08-09T01:41:57Z,2026-08-09T02:16:57Z,2026-08-09T02:46:57Z,delivered,Garlic Naan; Chana Masala Bowl; Dal Makhani,25.50,2.42,27.92
DP-8F341D,2026-08-09T01:42:36Z,2026-08-09T02:17:36Z,2026-08-09T02:12:31Z,delivered,Chana Masala Bowl,12.00,1.14,13.14
DP-A312BE,2026-08-09T01:46:49Z,2026-08-09T02:21:49Z,2026-08-09T02:10:33Z,delivered,Mango Lassi; Garlic Naan; Dal Makhani; Mango Lassi,23.50,2.23,25.73
DP-8379FA,2026-08-09T01:47:46Z,2026-08-09T02:22:46Z,2026-08-09T02:13:48Z,delivered,Garlic Naan,3.50,0.33,3.83
DP-398FE7,2026-08-09T01:54:02Z,2026-08-09T02:29:02Z,2026-08-09T03:02:02Z,delivered,Dal Makhani; Dal Makhani; Butter Chicken Plate; Paneer Wrap,47.50,4.51,52.01
DP-B69DE4,2026-08-09T02:05:59Z,2026-08-09T02:40:59Z,2026-08-09T03:01:59Z,delivered,Dal Makhani; Butter Chicken Plate; Butter Chicken Plate; Mango Lassi,47.00,4.46,51.46
DP-A8E2A1,2026-08-09T02:06:07Z,2026-08-09T02:41:07Z,2026-08-09T02:41:39Z,delivered,Samosa (2); Paneer Wrap,17.50,1.66,19.16
DP-C768F4,2026-08-09T02:06:09Z,2026-08-09T02:41:09Z,2026-08-09T02:37:24Z,delivered,Chana Masala Bowl; Mango Lassi,17.00,1.61,18.61
DP-8C7BF5,2026-08-09T02:08:17Z,2026-08-09T02:43:17Z,2026-08-09T02:36:29Z,delivered,Paneer Wrap; Dal Makhani; Mango Lassi; Mango Lassi,31.50,2.99,34.49
DP-9DEA7D,2026-08-09T02:09:13Z,2026-08-09T02:44:13Z,2026-08-09T02:39:25Z,delivered,Mango Lassi,5.00,0.47,5.47
DP-6D1A8A,2026-08-09T02:11:15Z,2026-08-09T02:46:15Z,2026-08-09T02:40:45Z,delivered,Mango Lassi; Garlic Naan,8.50,0.81,9.31
DP-A400C2,2026-08-09T02:13:43Z,2026-08-09T02:48:43Z,2026-08-09T02:40:06Z,delivered,Samosa (2); Samosa (2); Butter Chicken Plate,28.00,2.66,30.66
DP-70103C,2026-08-09T02:14:05Z,2026-08-09T02:49:05Z,2026-08-09T02:44:08Z,delivered,Chicken Tikka Bowl; Chana Masala Bowl; Dal Makhani,35.50,3.37,38.87
DP-D0043C,2026-08-09T02:14:19Z,2026-08-09T02:49:19Z,2026-08-09T02:47:30Z,delivered,Dal Makhani,10.00,0.95,10.95
DP-D8F97C,2026-08-09T02:24:01Z,2026-08-09T02:59:01Z,2026-08-09T02:53:02Z,delivered,Mango Lassi,5.00,0.47,5.47
DP-2356F7,2026-08-09T02:24:49Z,2026-08-09T02:59:49Z,2026-08-09T02:50:32Z,delivered,Garlic Naan,3.50,0.33,3.83
DP-D086FF,2026-08-09T02:26:24Z,2026-08-09T03:01:24Z,2026-08-09T02:55:58Z,delivered,Paneer Wrap; Samosa (2),17.50,1.66,19.16
DP-31DF5F,2026-08-09T02:40:58Z,2026-08-09T03:15:58Z,2026-08-09T03:04:28Z,delivered,Garlic Naan,3.50,0.33,3.83
DP-6B8FE6,2026-08-09T02:47:51Z,2026-08-09T03:22:51Z,2026-08-09T03:39:51Z,delivered,Chana Masala Bowl; Chana Masala Bowl; Mango Lassi; Chicken Tikka Bowl; Samosa (2),48.50,4.61,53.11
DP-7B0689,2026-08-09T02:53:15Z,2026-08-09T03:28:15Z,2026-08-09T03:24:49Z,delivered,Garlic Naan; Dal Makhani; Samosa (2); Garlic Naan,23.00,2.19,25.19
DP-5834CA,2026-08-09T02:59:07Z,2026-08-09T03:34:07Z,2026-08-09T03:34:14Z,delivered,Dal Makhani; Mango Lassi; Paneer Wrap,26.50,2.52,29.02
DP-445F0A,2026-08-09T03:01:26Z,2026-08-09T03:36:26Z,2026-08-09T03:28:05Z,delivered,Chicken Tikka Bowl,13.50,1.28,14.78
DP-26584D,2026-08-09T03:01:40Z,2026-08-09T03:36:40Z,2026-08-09T03:32:16Z,delivered,Mango Lassi; Dal Makhani; Butter Chicken Plate,31.00,2.94,33.94
DP-EBD66C,2026-08-09T03:10:33Z,2026-08-09T03:45:33Z,2026-08-09T04:11:33Z,delivered,Chicken Tikka Bowl; Paneer Wrap,25.00,2.38,27.38
DP-18810F,2026-08-09T03:16:42Z,2026-08-09T03:51:42Z,,cancelled,Mango Lassi; Mango Lassi; Chana Masala Bowl; Mango Lassi; Butter Chicken Plate,43.00,4.08,47.08
DP-860AA5,2026-08-09T03:23:58Z,2026-08-09T03:58:58Z,2026-08-09T04:39:58Z,delivered,Samosa (2); Chicken Tikka Bowl; Garlic Naan; Garlic Naan,26.50,2.52,29.02
DP-098B3A,2026-08-09T03:34:58Z,2026-08-09T04:09:58Z,2026-08-09T04:28:58Z,delivered,Butter Chicken Plate; Mango Lassi,21.00,2.00,23.00
DP-796491,2026-08-09T03:38:07Z,2026-08-09T04:13:07Z,2026-08-09T04:09:44Z,delivered,Dal Makhani; Chana Masala Bowl,22.00,2.09,24.09
DP-E51C46,2026-08-09T03:39:38Z,2026-08-09T04:14:38Z,2026-08-09T04:06:53Z,delivered,Garlic Naan; Samosa (2); Dal Makhani; Paneer Wrap; Samosa (2),37.00,3.52,40.52
DP-F4EABC,2026-08-09T03:46:44Z,2026-08-09T04:21:44Z,2026-08-09T04:51:44Z,delivered,Chicken Tikka Bowl; Samosa (2); Butter Chicken Plate,35.50,3.37,38.87
DP-EDCF78,2026-08-09T03:53:13Z,2026-08-09T04:28:13Z,2026-08-09T04:23:55Z,delivered,Samosa (2); Mango Lassi; Garlic Naan,14.50,1.38,15.88
DP-E3A82B,2026-08-09T18:17:41Z,2026-08-09T18:52:41Z,2026-08-09T18:39:06Z,delivered,Chicken Tikka Bowl; Chana Masala Bowl,25.50,2.42,27.92
DP-5C6470,2026-08-09T18:20:27Z,2026-08-09T18:55:27Z,2026-08-09T18:49:13Z,delivered,Samosa (2),6.00,0.57,6.57
DP-4D681C,2026-08-09T18:20:42Z,2026-08-09T18:55:42Z,2026-08-09T18:50:27Z,delivered,Garlic Naan; Mango Lassi,8.50,0.81,9.31
DP-9621D4,2026-08-09T18:21:57Z,2026-08-09T18:56:57Z,2026-08-09T18:52:16Z,delivered,Chana Masala Bowl,12.00,1.14,13.14
DP-346E48,2026-08-09T19:00:22Z,2026-08-09T19:35:22Z,2026-08-09T19:37:23Z,delivered,Chicken Tikka Bowl; Butter Chicken Plate; Dal Makhani,39.50,3.75,43.25
DP-A81C83,2026-08-09T19:05:26Z,2026-08-09T19:40:26Z,2026-08-09T19:40:52Z,delivered,Garlic Naan; Chana Masala Bowl; Mango Lassi,20.50,1.95,22.45
DP-88AD8B,2026-08-09T19:19:21Z,2026-08-09T19:54:21Z,2026-08-09T19:49:16Z,delivered,Butter Chicken Plate,16.00,1.52,17.52
DP-C13333,2026-08-09T19:20:00Z,2026-08-09T19:55:00Z,2026-08-09T19:45:38Z,delivered,Paneer Wrap; Samosa (2); Garlic Naan; Garlic Naan; Chicken Tikka Bowl,38.00,3.61,41.61
DP-9D0E8B,2026-08-09T19:28:08Z,2026-08-09T20:03:08Z,2026-08-09T19:55:58Z,delivered,Samosa (2); Samosa (2); Paneer Wrap; Dal Makhani,33.50,3.18,36.68
DP-5F2AB7,2026-08-09T19:33:33Z,2026-08-09T20:08:33Z,2026-08-09T19:59:25Z,delivered,Dal Makhani; Butter Chicken Plate,26.00,2.47,28.47
DP-36995C,2026-08-09T19:36:30Z,2026-08-09T20:11:30Z,2026-08-09T20:02:32Z,delivered,Butter Chicken Plate; Paneer Wrap; Butter Chicken Plate,43.50,4.13,47.63
DP-92A7E1,2026-08-09T19:36:56Z,2026-08-09T20:11:56Z,2026-08-09T20:08:30Z,delivered,Chana Masala Bowl; Dal Makhani,22.00,2.09,24.09
DP-6D5CC8,2026-08-09T19:40:03Z,2026-08-09T20:15:03Z,2026-08-09T20:18:03Z,delivered,Samosa (2); Dal Makhani; Garlic Naan,19.50,1.85,21.35
DP-FA37B7,2026-08-09T19:42:05Z,2026-08-09T20:17:05Z,2026-08-09T20:14:25Z,delivered,Chicken Tikka Bowl; Mango Lassi,18.50,1.76,20.26
DP-880FD4,2026-08-09T19:50:15Z,2026-08-09T20:25:15Z,2026-08-09T20:19:32Z,delivered,Paneer Wrap; Mango Lassi; Dal Makhani; Dal Makhani; Samosa (2),42.50,4.04,46.54
DP-22D567,2026-08-09T19:51:24Z,2026-08-09T20:26:24Z,2026-08-09T20:19:33Z,delivered,Chana Masala Bowl; Chana Masala Bowl; Chicken Tikka Bowl; Mango Lassi; Butter Chicken Plate,58.50,5.56,64.06
DP-8F258C,2026-08-09T19:57:57Z,2026-08-09T20:32:57Z,2026-08-09T20:22:09Z,delivered,Samosa (2); Butter Chicken Plate,22.00,2.09,24.09
DP-8F258C,2026-08-09T19:57:57Z,2026-08-09T20:32:57Z,2026-08-09T20:22:09Z,delivered,Samosa (2); Butter Chicken Plate,22.00,2.09,24.09
DP-C90B25,2026-08-09T20:08:51Z,2026-08-09T20:43:51Z,2026-08-09T20:44:58Z,delivered,Mango Lassi,5.00,0.47,5.47
DP-3993B5,2026-08-09T20:13:29Z,2026-08-09T20:48:29Z,2026-08-09T20:37:07Z,delivered,Chana Masala Bowl; Butter Chicken Plate; Mango Lassi,33.00,3.14,36.14
DP-F6C1B1,2026-08-09T20:15:14Z,2026-08-09T20:50:14Z,2026-08-09T20:38:34Z,delivered,Mango Lassi; Butter Chicken Plate; Butter Chicken Plate; Samosa (2),43.00,4.08,47.08
DP-F0F3AF,2026-08-09T20:22:12Z,2026-08-09T20:57:12Z,2026-08-09T20:51:17Z,delivered,Dal Makhani; Mango Lassi; Dal Makhani,25.00,2.38,27.38
DP-019C6B,2026-08-09T20:25:28Z,2026-08-09T21:00:28Z,2026-08-09T21:00:23Z,delivered,Chicken Tikka Bowl; Garlic Naan; Chana Masala Bowl; Samosa (2); Chicken Tikka Bowl,48.50,4.61,53.11
DP-907A5C,2026-08-09T20:30:30Z,2026-08-09T21:05:30Z,2026-08-09T20:56:32Z,delivered,Samosa (2); Garlic Naan; Chicken Tikka Bowl; Chana Masala Bowl,35.00,3.33,38.33
DP-DC86F8,2026-08-09T20:34:28Z,2026-08-09T21:09:28Z,2026-08-09T21:06:14Z,delivered,Garlic Naan; Chicken Tikka Bowl; Mango Lassi,22.00,2.09,24.09
DP-99833C,2026-08-09T20:45:29Z,2026-08-09T21:20:29Z,2026-08-09T21:17:01Z,delivered,Paneer Wrap; Butter Chicken Plate; Mango Lassi; Paneer Wrap,44.00,4.18,48.18
DP-4E166A,2026-08-09T20:46:42Z,2026-08-09T21:21:42Z,2026-08-09T21:19:58Z,delivered,Chicken Tikka Bowl,13.50,1.28,14.78
DP-E0E279,2026-08-09T20:57:34Z,2026-08-09T21:32:34Z,2026-08-09T21:25:48Z,delivered,Chana Masala Bowl; Samosa (2); Chicken Tikka Bowl,31.50,2.99,34.49
DP-E0E279,2026-08-09T20:57:34Z,2026-08-09T21:32:34Z,2026-08-09T21:25:48Z,delivered,Chana Masala Bowl; Samosa (2); Chicken Tikka Bowl,31.50,2.99,34.49
DP-1C3712,2026-08-09T21:00:19Z,2026-08-09T21:35:19Z,2026-08-09T21:27:03Z,delivered,Mango Lassi,5.00,0.47,5.47
DP-B7495C,2026-08-09T21:11:16Z,2026-08-09T21:46:16Z,2026-08-09T21:38:21Z,delivered,Chana Masala Bowl; Samosa (2); Chicken Tikka Bowl; Garlic Naan; Dal Makhani,45.00,4.28,49.28
DP-EECEBA,2026-08-09T21:30:31Z,2026-08-09T22:05:31Z,2026-08-09T22:01:28Z,delivered,Garlic Naan; Chana Masala Bowl,15.50,1.47,16.97
DP-C4F3E9,2026-08-09T21:54:02Z,2026-08-09T22:29:02Z,2026-08-09T22:26:29Z,delivered,Garlic Naan; Chicken Tikka Bowl; Paneer Wrap; Paneer Wrap,40.00,3.80,43.80
DP-4C64DA,2026-08-09T22:39:42Z,2026-08-09T23:14:42Z,2026-08-09T23:08:56Z,delivered,Chana Masala Bowl; Mango Lassi,17.00,1.61,18.61
DP-4692BA,2026-08-09T22:45:25Z,2026-08-09T23:20:25Z,2026-08-09T23:07:16Z,delivered,Mango Lassi; Mango Lassi; Samosa (2),16.00,1.52,17.52
DP-F8734E,2026-08-09T23:12:08Z,2026-08-09T23:47:08Z,2026-08-09T23:42:31Z,delivered,Chicken Tikka Bowl,13.50,1.28,14.78
DP-BA2B25,2026-08-09T23:47:57Z,2026-08-10T00:22:57Z,2026-08-10T00:18:39Z,delivered,Dal Makhani,10.00,0.95,10.95
DP-F0D5B8,2026-08-10T00:04:07Z,2026-08-10T00:39:07Z,2026-08-10T01:06:07Z,delivered,Dal Makhani,10.00,0.95,10.95
DP-E2A140,2026-08-10T00:16:08Z,2026-08-10T00:51:08Z,2026-08-10T00:45:03Z,delivered,Chicken Tikka Bowl; Dal Makhani; Garlic Naan,27.00,2.56,29.56
DP-982E2A,2026-08-10T00:18:56Z,2026-08-10T00:53:56Z,2026-08-10T00:45:56Z,delivered,Butter Chicken Plate; Chicken Tikka Bowl; Chana Masala Bowl; Butter Chicken Plate,57.50,5.46,62.96
DP-24EA33,2026-08-10T00:30:54Z,2026-08-10T01:05:54Z,2026-08-10T01:09:08Z,delivered,Chana Masala Bowl,12.00,1.14,13.14
DP-7612CA,2026-08-10T00:55:31Z,2026-08-10T01:30:31Z,2026-08-10T01:30:52Z,delivered,Paneer Wrap; Mango Lassi; Paneer Wrap,28.00,2.66,30.66
DP-63265A,2026-08-10T01:16:11Z,2026-08-10T01:51:11Z,2026-08-10T01:42:54Z,delivered,Paneer Wrap; Chana Masala Bowl; Garlic Naan,27.00,2.56,29.56
DP-12FB1D,2026-08-10T01:21:51Z,2026-08-10T01:56:51Z,2026-08-10T01:51:42Z,delivered,Mango Lassi,5.00,0.47,5.47
DP-EBFBF9,2026-08-10T01:30:29Z,2026-08-10T02:05:29Z,2026-08-10T01:56:08Z,delivered,Samosa (2); Paneer Wrap; Paneer Wrap,29.00,2.75,31.75
DP-04AC4C,2026-08-10T01:40:55Z,2026-08-10T02:15:55Z,2026-08-10T02:11:53Z,delivered,Garlic Naan; Chana Masala Bowl,15.50,1.47,16.97
DP-876FFD,2026-08-10T01:42:37Z,2026-08-10T02:17:37Z,2026-08-10T02:15:50Z,delivered,Chana Masala Bowl; Mango Lassi,17.00,1.61,18.61
DP-5A9D34,2026-08-10T01:47:06Z,2026-08-10T02:22:06Z,2026-08-10T02:18:32Z,delivered,Samosa (2); Samosa (2),12.00,1.14,13.14
DP-AF8AA6,2026-08-10T01:47:59Z,2026-08-10T02:22:59Z,2026-08-10T02:55:59Z,delivered,Samosa (2); Paneer Wrap; Paneer Wrap; Paneer Wrap,40.50,3.85,44.35
DP-82EC68,2026-08-10T02:02:53Z,2026-08-10T02:37:53Z,2026-08-10T02:34:57Z,delivered,Samosa (2); Chicken Tikka Bowl; Mango Lassi,24.50,2.33,26.83
DP-391697,2026-08-10T02:09:40Z,2026-08-10T02:44:40Z,2026-08-10T03:21:40Z,delivered,Garlic Naan; Chicken Tikka Bowl; Dal Makhani,27.00,2.56,29.56
DP-A38E86,2026-08-10T02:10:06Z,2026-08-10T02:45:06Z,2026-08-10T03:03:06Z,delivered,Mango Lassi; Dal Makhani; Chana Masala Bowl,27.00,2.56,29.56
DP-5A19A1,2026-08-10T02:14:32Z,2026-08-10T02:49:32Z,2026-08-10T02:40:26Z,delivered,Chicken Tikka Bowl; Chana Masala Bowl; Mango Lassi; Butter Chicken Plate,46.50,4.42,50.92
DP-1DC426,2026-08-10T02:17:48Z,2026-08-10T02:52:48Z,2026-08-10T02:53:28Z,delivered,Butter Chicken Plate; Dal Makhani,26.00,2.47,28.47
DP-CC09F0,2026-08-10T02:23:42Z,2026-08-10T02:58:42Z,,cancelled,Garlic Naan; Butter Chicken Plate; Chicken Tikka Bowl,33.00,3.14,36.14
DP-98BC56,2026-08-10T02:26:54Z,2026-08-10T03:01:54Z,2026-08-10T02:57:46Z,delivered,Dal Makhani; Samosa (2); Paneer Wrap,27.50,2.61,30.11
DP-6969BE,2026-08-10T02:34:23Z,2026-08-10T03:09:23Z,2026-08-10T03:00:56Z,delivered,Paneer Wrap,11.50,1.09,12.59
DP-5FF972,2026-08-10T02:39:16Z,2026-08-10T03:14:16Z,2026-08-10T03:09:01Z,delivered,Chicken Tikka Bowl; Chicken Tikka Bowl; Chicken Tikka Bowl,40.50,3.85,44.35
DP-28D091,2026-08-10T02:45:06Z,2026-08-10T03:20:06Z,2026-08-10T03:17:37Z,delivered,Dal Makhani; Chana Masala Bowl; Dal Makhani; Mango Lassi,37.00,3.52,40.52
DP-880F24,2026-08-10T02:51:40Z,2026-08-10T03:26:40Z,2026-08-10T03:30:16Z,delivered,Garlic Naan; Garlic Naan,7.00,0.67,7.67
DP-F68086,2026-08-10T02:54:36Z,2026-08-10T03:29:36Z,2026-08-10T03:27:47Z,delivered,Mango Lassi; Chicken Tikka Bowl,18.50,1.76,20.26
DP-B4ABD5,2026-08-10T02:57:08Z,2026-08-10T03:32:08Z,2026-08-10T03:23:07Z,delivered,Samosa (2); Mango Lassi; Samosa (2),17.00,1.61,18.61
DP-EE51A4,2026-08-10T02:57:14Z,2026-08-10T03:32:14Z,2026-08-10T03:36:10Z,delivered,Chana Masala Bowl; Chana Masala Bowl; Paneer Wrap,35.50,3.37,38.87
DP-AF3ABC,2026-08-10T03:07:47Z,2026-08-10T03:42:47Z,2026-08-10T03:29:28Z,delivered,Garlic Naan; Paneer Wrap,15.00,1.43,16.43
DP-3F4297,2026-08-10T03:09:37Z,2026-08-10T03:44:37Z,2026-08-10T04:10:37Z,delivered,Dal Makhani; Paneer Wrap; Butter Chicken Plate,37.50,3.56,41.06
DP-9ACB69,2026-08-10T03:10:25Z,2026-08-10T03:45:25Z,2026-08-10T03:38:35Z,delivered,Mango Lassi; Chicken Tikka Bowl,18.50,1.76,20.26
DP-F0C1F2,2026-08-10T03:39:06Z,2026-08-10T04:14:06Z,2026-08-10T04:11:34Z,delivered,Butter Chicken Plate; Butter Chicken Plate,32.00,3.04,35.04
DP-6D3040,2026-08-10T03:47:53Z,2026-08-10T04:22:53Z,2026-08-10T04:17:09Z,delivered,Mango Lassi; Butter Chicken Plate; Chana Masala Bowl; Mango Lassi; Dal Makhani,48.00,4.56,52.56
DP-3426FF,2026-08-10T03:49:32Z,2026-08-10T04:24:32Z,2026-08-10T04:18:29Z,delivered,Garlic Naan; Chana Masala Bowl,15.50,1.47,16.97
DP-40EFBD,2026-08-10T03:50:12Z,2026-08-10T04:25:12Z,2026-08-10T04:19:16Z,delivered,Samosa (2),6.00,0.57,6.57
DP-430525,2026-08-10T03:52:36Z,2026-08-10T04:27:36Z,2026-08-10T04:27:37Z,delivered,Mango Lassi; Samosa (2); Dal Makhani,21.00,2.00,23.00
DP-038094,2026-08-10T03:59:21Z,2026-08-10T04:34:21Z,2026-08-10T04:27:32Z,delivered,Paneer Wrap; Mango Lassi,16.50,1.57,18.07
DP-257DB7,2026-08-10T04:09:14Z,2026-08-10T04:44:14Z,2026-08-10T05:22:14Z,delivered,Garlic Naan; Chicken Tikka Bowl; Garlic Naan; Chicken Tikka Bowl,34.00,3.23,37.23
DP-D579F2,2026-08-10T04:11:00Z,2026-08-10T04:46:00Z,2026-08-10T04:41:14Z,delivered,Chicken Tikka Bowl; Garlic Naan,17.00,1.61,18.61
DP-A9FFC4,2026-08-10T04:54:38Z,2026-08-10T05:29:38Z,2026-08-10T05:29:49Z,delivered,Butter Chicken Plate; Mango Lassi,21.00,2.00,23.00
DP-1A79D9,2026-08-10T18:29:24Z,2026-08-10T19:04:24Z,2026-08-10T19:01:34Z,delivered,Butter Chicken Plate,16.00,1.52,17.52
DP-2F99D0,2026-08-10T18:53:42Z,2026-08-10T19:28:42Z,2026-08-10T19:28:38Z,delivered,Dal Makhani,10.00,0.95,10.95
DP-271892,2026-08-10T18:59:48Z,2026-08-10T19:34:48Z,2026-08-10T19:27:31Z,delivered,Dal Makhani; Dal Makhani; Butter Chicken Plate; Garlic Naan,39.50,3.75,43.25
DP-F1FBC3,2026-08-10T19:06:38Z,2026-08-10T19:41:38Z,2026-08-10T19:36:03Z,delivered,Paneer Wrap; Butter Chicken Plate,27.50,2.61,30.11
DP-86F71D,2026-08-10T19:10:09Z,2026-08-10T19:45:09Z,2026-08-10T19:38:21Z,delivered,Garlic Naan; Paneer Wrap,15.00,1.43,16.43
DP-F03C68,2026-08-10T19:10:12Z,2026-08-10T19:45:12Z,2026-08-10T19:39:59Z,delivered,Chana Masala Bowl; Butter Chicken Plate; Paneer Wrap,39.50,3.75,43.25
DP-0D3A6E,2026-08-10T19:20:55Z,2026-08-10T19:55:55Z,2026-08-10T19:44:26Z,delivered,Butter Chicken Plate,16.00,1.52,17.52
DP-7FF8D1,2026-08-10T19:25:13Z,2026-08-10T20:00:13Z,2026-08-10T19:55:09Z,delivered,Garlic Naan; Mango Lassi,8.50,0.81,9.31
DP-2EB97E,2026-08-10T19:30:31Z,2026-08-10T20:05:31Z,2026-08-10T19:55:38Z,delivered,Dal Makhani; Mango Lassi,15.00,1.43,16.43
DP-38B838,2026-08-10T19:33:52Z,2026-08-10T20:08:52Z,2026-08-10T20:02:22Z,delivered,Dal Makhani; Garlic Naan; Chicken Tikka Bowl; Butter Chicken Plate,43.00,4.08,47.08
DP-DA0F65,2026-08-10T19:36:22Z,2026-08-10T20:11:22Z,2026-08-10T20:13:29Z,delivered,Dal Makhani,10.00,0.95,10.95
DP-7A1ABF,2026-08-10T19:39:40Z,2026-08-10T20:14:40Z,2026-08-10T20:16:26Z,delivered,Samosa (2); Mango Lassi; Paneer Wrap,22.50,2.14,24.64
DP-E4766B,2026-08-10T19:40:22Z,2026-08-10T20:15:22Z,2026-08-10T20:15:30Z,delivered,Dal Makhani,10.00,0.95,10.95
DP-71F850,2026-08-10T19:59:23Z,2026-08-10T20:34:23Z,2026-08-10T20:28:39Z,delivered,Mango Lassi; Paneer Wrap; Garlic Naan; Samosa (2); Butter Chicken Plate,42.00,3.99,45.99
DP-865571,2026-08-10T20:08:53Z,2026-08-10T20:43:53Z,2026-08-10T20:43:02Z,delivered,Paneer Wrap; Paneer Wrap; Paneer Wrap,34.50,3.28,37.78
DP-D425FC,2026-08-10T20:20:41Z,2026-08-10T20:55:41Z,2026-08-10T20:49:12Z,delivered,Samosa (2),6.00,0.57,6.57
DP-AE56ED,2026-08-10T20:37:47Z,2026-08-10T21:12:47Z,2026-08-10T21:08:35Z,delivered,Mango Lassi,5.00,0.47,5.47
DP-34173F,2026-08-10T20:50:49Z,2026-08-10T21:25:49Z,2026-08-10T21:26:56Z,delivered,Chana Masala Bowl; Chicken Tikka Bowl,25.50,2.42,27.92
DP-451DF6,2026-08-10T20:54:24Z,2026-08-10T21:29:24Z,2026-08-10T21:30:38Z,delivered,Paneer Wrap,11.50,1.09,12.59
DP-100002,2026-08-10T21:49:07Z,2026-08-10T22:24:07Z,2026-08-10T22:11:15Z,delivered,Butter Chicken Plate; Butter Chicken Plate,32.00,3.04,35.04
DP-998524,2026-08-10T22:37:08Z,2026-08-10T23:12:08Z,2026-08-10T23:10:18Z,delivered,Mango Lassi; Dal Makhani; Mango Lassi,20.00,1.90,21.90
DP-087CBA,2026-08-10T23:51:32Z,2026-08-11T00:26:32Z,2026-08-11T00:21:44Z,delivered,Dal Makhani,10.00,0.95,10.95
DP-11F1D6,2026-08-11T00:01:42Z,2026-08-11T00:36:42Z,,cancelled,Mango Lassi; Samosa (2),11.00,1.04,12.04
DP-542181,2026-08-11T00:53:00Z,2026-08-11T01:28:00Z,2026-08-11T01:25:15Z,delivered,Garlic Naan; Dal Makhani; Butter Chicken Plate; Chicken Tikka Bowl; Dal Makhani,53.00,5.04,58.04
DP-2C8742,2026-08-11T01:05:04Z,2026-08-11T01:40:04Z,2026-08-11T01:29:42Z,delivered,Garlic Naan,3.50,0.33,3.83
DP-D63982,2026-08-11T01:21:10Z,2026-08-11T01:56:10Z,2026-08-11T01:48:35Z,delivered,Chicken Tikka Bowl; Garlic Naan,17.00,1.61,18.61
DP-59602F,2026-08-11T01:27:06Z,2026-08-11T02:02:06Z,2026-08-11T01:48:21Z,delivered,Garlic Naan; Dal Makhani,13.50,1.28,14.78
DP-4E1A19,2026-08-11T01:29:05Z,2026-08-11T02:04:05Z,2026-08-11T01:57:23Z,delivered,Chicken Tikka Bowl; Dal Makhani; Paneer Wrap,35.00,3.33,38.33
DP-23EE31,2026-08-11T01:39:51Z,2026-08-11T02:14:51Z,2026-08-11T02:06:55Z,delivered,Paneer Wrap; Paneer Wrap; Butter Chicken Plate,39.00,3.71,42.71
DP-AC3ED0,2026-08-11T01:44:04Z,2026-08-11T02:19:04Z,,cancelled,Chana Masala Bowl,12.00,1.14,13.14
DP-F893D0,2026-08-11T01:44:34Z,2026-08-11T02:19:34Z,2026-08-11T02:16:33Z,delivered,Paneer Wrap; Garlic Naan; Samosa (2); Samosa (2),27.00,2.56,29.56
DP-4D6556,2026-08-11T01:47:14Z,2026-08-11T02:22:14Z,2026-08-11T02:25:01Z,delivered,Chana Masala Bowl; Butter Chicken Plate; Paneer Wrap,39.50,3.75,43.25
DP-A7FCDD,2026-08-11T01:50:48Z,2026-08-11T02:25:48Z,,cancelled,Chicken Tikka Bowl; Butter Chicken Plate; Butter Chicken Plate; Chana Masala Bowl; Garlic Naan,61.00,5.79,66.79
DP-4E2A63,2026-08-11T02:01:21Z,2026-08-11T02:36:21Z,2026-08-11T02:36:27Z,delivered,Paneer Wrap; Dal Makhani; Samosa (2); Samosa (2); Chicken Tikka Bowl,47.00,4.46,51.46
DP-891379,2026-08-11T02:23:12Z,2026-08-11T02:58:12Z,2026-08-11T02:45:08Z,delivered,Chicken Tikka Bowl; Mango Lassi; Paneer Wrap; Samosa (2),36.00,3.42,39.42
DP-01B299,2026-08-11T02:26:47Z,2026-08-11T03:01:47Z,2026-08-11T02:54:09Z,delivered,Chicken Tikka Bowl; Mango Lassi; Dal Makhani,28.50,2.71,31.21
DP-E294BC,2026-08-11T02:33:35Z,2026-08-11T03:08:35Z,2026-08-11T03:07:31Z,delivered,Paneer Wrap; Chana Masala Bowl; Samosa (2),29.50,2.80,32.30
DP-4DC1D0,2026-08-11T02:35:49Z,2026-08-11T03:10:49Z,2026-08-11T03:41:49Z,delivered,Mango Lassi; Chana Masala Bowl; Garlic Naan; Butter Chicken Plate; Mango Lassi,41.50,3.94,45.44
DP-4090BD,2026-08-11T02:41:21Z,2026-08-11T03:16:21Z,2026-08-11T03:07:58Z,delivered,Butter Chicken Plate; Chana Masala Bowl; Garlic Naan; Samosa (2),37.50,3.56,41.06
DP-BD260F,2026-08-11T02:46:48Z,2026-08-11T03:21:48Z,2026-08-11T03:16:46Z,delivered,Butter Chicken Plate; Chana Masala Bowl; Paneer Wrap; Samosa (2),45.50,4.32,49.82
DP-5F700D,2026-08-11T02:57:02Z,2026-08-11T03:32:02Z,2026-08-11T03:29:38Z,delivered,Garlic Naan; Butter Chicken Plate; Chicken Tikka Bowl,33.00,3.14,36.14
DP-C18292,2026-08-11T03:02:28Z,2026-08-11T03:37:28Z,2026-08-11T03:39:14Z,delivered,Samosa (2); Chicken Tikka Bowl; Mango Lassi; Garlic Naan,28.00,2.66,30.66
DP-9C51E4,2026-08-11T03:12:30Z,2026-08-11T03:47:30Z,2026-08-11T03:35:27Z,delivered,Garlic Naan; Chana Masala Bowl; Chana Masala Bowl,27.50,2.61,30.11
DP-80C826,2026-08-11T03:21:07Z,2026-08-11T03:56:07Z,2026-08-11T03:48:37Z,delivered,Mango Lassi,5.00,0.47,5.47
DP-53250C,2026-08-11T03:30:49Z,2026-08-11T04:05:49Z,2026-08-11T04:06:38Z,delivered,Garlic Naan,3.50,0.33,3.83
DP-815A14,2026-08-11T03:35:35Z,2026-08-11T04:10:35Z,2026-08-11T04:06:25Z,delivered,Dal Makhani; Chicken Tikka Bowl; Butter Chicken Plate; Garlic Naan,43.00,4.08,47.08
DP-2052F5,2026-08-11T03:49:31Z,2026-08-11T04:24:31Z,2026-08-11T04:22:25Z,delivered,Paneer Wrap,11.50,1.09,12.59
DP-735AD0,2026-08-11T03:49:51Z,2026-08-11T04:24:51Z,2026-08-11T04:17:11Z,delivered,Mango Lassi; Chicken Tikka Bowl,18.50,1.76,20.26
DP-40B0C4,2026-08-11T04:12:00Z,2026-08-11T04:47:00Z,2026-08-11T04:38:55Z,delivered,Chana Masala Bowl,12.00,1.14,13.14
DP-42524A,2026-08-11T04:59:58Z,2026-08-11T05:34:58Z,2026-08-11T05:31:38Z,delivered,Mango Lassi; Chicken Tikka Bowl; Dal Makhani,28.50,2.71,31.21
DP-8327BE,2026-08-11T18:07:39Z,2026-08-11T18:42:39Z,2026-08-11T18:29:46Z,delivered,Butter Chicken Plate; Butter Chicken Plate; Mango Lassi; Chicken Tikka Bowl,50.50,4.80,55.30
DP-453EB7,2026-08-11T18:10:56Z,2026-08-11T18:45:56Z,2026-08-11T18:45:51Z,delivered,Mango Lassi; Samosa (2); Mango Lassi,16.00,1.52,17.52
DP-225F85,2026-08-11T18:11:13Z,2026-08-11T18:46:13Z,2026-08-11T18:42:01Z,delivered,Garlic Naan; Chana Masala Bowl; Mango Lassi,20.50,1.95,22.45
DP-D3BD1F,2026-08-11T18:26:58Z,2026-08-11T19:01:58Z,2026-08-11T18:58:00Z,delivered,Paneer Wrap; Chana Masala Bowl; Mango Lassi; Dal Makhani,38.50,3.66,42.16
DP-D9CC78,2026-08-11T18:30:36Z,2026-08-11T19:05:36Z,2026-08-11T19:06:55Z,delivered,Garlic Naan; Chicken Tikka Bowl; Dal Makhani; Mango Lassi; Dal Makhani,42.00,3.99,45.99
DP-4078C7,2026-08-11T18:45:52Z,2026-08-11T19:20:52Z,2026-08-11T19:10:30Z,delivered,Garlic Naan; Chana Masala Bowl; Dal Makhani,25.50,2.42,27.92
DP-7B56D3,2026-08-11T19:01:40Z,2026-08-11T19:36:40Z,2026-08-11T19:30:44Z,delivered,Mango Lassi; Garlic Naan,8.50,0.81,9.31
DP-89F483,2026-08-11T19:31:18Z,2026-08-11T20:06:18Z,2026-08-11T20:02:16Z,delivered,Garlic Naan; Samosa (2); Chicken Tikka Bowl,23.00,2.19,25.19
DP-10CE43,2026-08-11T20:03:31Z,2026-08-11T20:38:31Z,2026-08-11T20:29:28Z,delivered,Mango Lassi; Dal Makhani,15.00,1.43,16.43
DP-7CE9C9,2026-08-11T20:28:51Z,2026-08-11T21:03:51Z,2026-08-11T21:00:48Z,delivered,Butter Chicken Plate; Samosa (2); Samosa (2),28.00,2.66,30.66
DP-1B32F2,2026-08-11T20:29:03Z,2026-08-11T21:04:03Z,2026-08-11T20:59:40Z,delivered,Chicken Tikka Bowl; Paneer Wrap,25.00,2.38,27.38
DP-1CF010,2026-08-11T20:36:58Z,2026-08-11T21:11:58Z,2026-08-11T21:05:55Z,delivered,Dal Makhani; Chana Masala Bowl; Dal Makhani,32.00,3.04,35.04
DP-09ADBF,2026-08-11T20:43:07Z,2026-08-11T21:18:07Z,2026-08-11T21:16:51Z,delivered,Samosa (2); Chicken Tikka Bowl; Mango Lassi,24.50,2.33,26.83
DP-45DA91,2026-08-11T20:52:26Z,2026-08-11T21:27:26Z,2026-08-11T21:31:41Z,delivered,Samosa (2),6.00,0.57,6.57
DP-FF9C4A,2026-08-11T22:10:06Z,2026-08-11T22:45:06Z,2026-08-11T22:40:37Z,delivered,Garlic Naan; Chicken Tikka Bowl; Butter Chicken Plate,33.00,3.14,36.14
DP-03FCFF,2026-08-12T00:42:08Z,2026-08-12T01:17:08Z,2026-08-12T01:59:08Z,delivered,Chana Masala Bowl; Paneer Wrap; Butter Chicken Plate; Chana Masala Bowl; Samosa (2),57.50,5.46,62.96
DP-51687F,2026-08-12T01:05:26Z,2026-08-12T01:40:26Z,2026-08-12T01:31:04Z,delivered,Garlic Naan; Samosa (2),9.50,0.90,10.40
DP-7A8B81,2026-08-12T01:09:13Z,2026-08-12T01:44:13Z,2026-08-12T01:38:19Z,delivered,Garlic Naan,3.50,0.33,3.83
DP-E9F2EE,2026-08-12T01:10:42Z,2026-08-12T01:45:42Z,2026-08-12T01:41:57Z,delivered,Garlic Naan; Paneer Wrap; Paneer Wrap; Dal Makhani,36.50,3.47,39.97
DP-2C718A,2026-08-12T01:11:48Z,2026-08-12T01:46:48Z,2026-08-12T01:44:05Z,delivered,Paneer Wrap; Chicken Tikka Bowl; Garlic Naan,28.50,2.71,31.21
DP-32CEF9,2026-08-12T01:14:53Z,2026-08-12T01:49:53Z,2026-08-12T01:53:31Z,delivered,Butter Chicken Plate; Garlic Naan,19.50,1.85,21.35
DP-30A734,2026-08-12T01:17:15Z,2026-08-12T01:52:15Z,2026-08-12T01:42:16Z,delivered,Dal Makhani; Garlic Naan,13.50,1.28,14.78
DP-4F38E4,2026-08-12T01:18:37Z,2026-08-12T01:53:37Z,2026-08-12T01:38:39Z,delivered,Paneer Wrap; Chicken Tikka Bowl,25.00,2.38,27.38
DP-343F0C,2026-08-12T01:24:06Z,2026-08-12T01:59:06Z,2026-08-12T01:51:30Z,delivered,Chana Masala Bowl; Paneer Wrap; Chana Masala Bowl; Chicken Tikka Bowl,49.00,4.66,53.66
DP-EDC310,2026-08-12T01:24:38Z,2026-08-12T01:59:38Z,2026-08-12T01:56:05Z,delivered,Mango Lassi; Garlic Naan,8.50,0.81,9.31
DP-1F8D46,2026-08-12T01:27:54Z,2026-08-12T02:02:54Z,2026-08-12T02:25:54Z,delivered,Garlic Naan; Samosa (2),9.50,0.90,10.40
DP-ACE2A0,2026-08-12T01:42:42Z,2026-08-12T02:17:42Z,2026-08-12T02:54:42Z,delivered,Chicken Tikka Bowl; Garlic Naan; Garlic Naan; Garlic Naan,24.00,2.28,26.28
DP-EA3C8F,2026-08-12T01:51:42Z,2026-08-12T02:26:42Z,2026-08-12T02:25:21Z,delivered,Chicken Tikka Bowl,13.50,1.28,14.78
DP-07D3FF,2026-08-12T02:01:13Z,2026-08-12T02:36:13Z,2026-08-12T02:29:40Z,delivered,Butter Chicken Plate; Samosa (2); Chicken Tikka Bowl,35.50,3.37,38.87
DP-5C0920,2026-08-12T02:18:06Z,2026-08-12T02:53:06Z,2026-08-12T02:48:33Z,delivered,Samosa (2); Chana Masala Bowl; Butter Chicken Plate,34.00,3.23,37.23
DP-523482,2026-08-12T02:32:29Z,2026-08-12T03:07:29Z,2026-08-12T02:57:44Z,delivered,Garlic Naan; Chana Masala Bowl; Garlic Naan,19.00,1.80,20.80
DP-9BF1AD,2026-08-12T02:32:42Z,2026-08-12T03:07:42Z,2026-08-12T03:03:22Z,delivered,Chana Masala Bowl; Chicken Tikka Bowl; Chana Masala Bowl,37.50,3.56,41.06
DP-12C7AD,2026-08-12T02:35:47Z,2026-08-12T03:10:47Z,2026-08-12T03:13:57Z,delivered,Chicken Tikka Bowl; Mango Lassi,18.50,1.76,20.26
DP-558E72,2026-08-12T02:37:38Z,2026-08-12T03:12:38Z,2026-08-12T02:58:17Z,delivered,Garlic Naan,3.50,0.33,3.83
DP-123B05,2026-08-12T02:47:44Z,2026-08-12T03:22:44Z,2026-08-12T03:50:44Z,delivered,Butter Chicken Plate; Butter Chicken Plate; Samosa (2); Chana Masala Bowl,50.00,4.75,54.75
DP-A00F82,2026-08-12T02:52:57Z,2026-08-12T03:27:57Z,2026-08-12T03:17:41Z,delivered,Dal Makhani; Samosa (2); Dal Makhani; Paneer Wrap,37.50,3.56,41.06
DP-24F692,2026-08-12T02:58:16Z,2026-08-12T03:33:16Z,2026-08-12T03:29:19Z,delivered,Butter Chicken Plate; Chicken Tikka Bowl,29.50,2.80,32.30
DP-BE87A4,2026-08-12T03:20:27Z,2026-08-12T03:55:27Z,2026-08-12T03:50:19Z,delivered,Chicken Tikka Bowl; Garlic Naan,17.00,1.61,18.61
DP-7C9C41,2026-08-12T03:34:54Z,2026-08-12T04:09:54Z,2026-08-12T04:00:32Z,delivered,Chicken Tikka Bowl; Mango Lassi,18.50,1.76,20.26
DP-01AA31,2026-08-12T04:00:04Z,2026-08-12T04:35:04Z,2026-08-12T04:31:25Z,delivered,Dal Makhani; Chicken Tikka Bowl,23.50,2.23,25.73
DP-C1550C,2026-08-12T04:03:53Z,2026-08-12T04:38:53Z,2026-08-12T04:34:51Z,delivered,Samosa (2); Paneer Wrap; Samosa (2),23.50,2.23,25.73
DP-FC89E9,2026-08-12T18:08:28Z,2026-08-12T18:43:28Z,2026-08-12T18:36:43Z,delivered,Chicken Tikka Bowl; Chicken Tikka Bowl,27.00,2.56,29.56
DP-6CBD18,2026-08-12T18:12:07Z,2026-08-12T18:47:07Z,2026-08-12T18:46:49Z,delivered,Chicken Tikka Bowl; Chicken Tikka Bowl; Garlic Naan; Paneer Wrap,42.00,3.99,45.99
DP-B4C7A6,2026-08-12T18:59:13Z,2026-08-12T19:34:13Z,2026-08-12T19:27:49Z,delivered,Samosa (2),6.00,0.57,6.57
DP-ACB9DD,2026-08-12T19:01:32Z,2026-08-12T19:36:32Z,2026-08-12T19:33:27Z,delivered,Samosa (2); Dal Makhani,16.00,1.52,17.52
DP-788E97,2026-08-12T19:22:15Z,2026-08-12T19:57:15Z,2026-08-12T19:51:29Z,delivered,Dal Makhani; Garlic Naan; Dal Makhani,23.50,2.23,25.73
DP-837530,2026-08-12T19:24:21Z,2026-08-12T19:59:21Z,2026-08-12T19:52:01Z,delivered,Mango Lassi; Chana Masala Bowl; Chicken Tikka Bowl; Chana Masala Bowl; Butter Chicken Plate,58.50,5.56,64.06
DP-441701,2026-08-12T19:27:31Z,2026-08-12T20:02:31Z,2026-08-12T19:57:44Z,delivered,Garlic Naan; Dal Makhani,13.50,1.28,14.78
DP-BC6AAF,2026-08-12T19:36:33Z,2026-08-12T20:11:33Z,2026-08-12T20:07:52Z,delivered,Garlic Naan; Butter Chicken Plate; Paneer Wrap; Butter Chicken Plate; Dal Makhani,57.00,5.42,62.42
DP-56D541,2026-08-12T19:40:43Z,2026-08-12T20:15:43Z,2026-08-12T20:13:36Z,delivered,Paneer Wrap; Dal Makhani; Mango Lassi; Dal Makhani,36.50,3.47,39.97
DP-1A48C1,2026-08-12T19:43:48Z,2026-08-12T20:18:48Z,2026-08-12T20:14:08Z,delivered,Butter Chicken Plate,16.00,1.52,17.52
DP-B1558D,2026-08-12T19:44:19Z,2026-08-12T20:19:19Z,2026-08-12T20:14:27Z,delivered,Chana Masala Bowl; Mango Lassi,17.00,1.61,18.61
DP-070768,2026-08-12T20:34:39Z,2026-08-12T21:09:39Z,2026-08-12T21:01:59Z,delivered,Mango Lassi; Butter Chicken Plate,21.00,2.00,23.00
DP-A7158B,2026-08-12T20:36:57Z,2026-08-12T21:11:57Z,2026-08-12T21:06:42Z,delivered,Butter Chicken Plate; Chana Masala Bowl,28.00,2.66,30.66
DP-02E554,2026-08-12T20:43:46Z,2026-08-12T21:18:46Z,2026-08-12T21:18:23Z,delivered,Samosa (2); Chicken Tikka Bowl,19.50,1.85,21.35
DP-8D3581,2026-08-12T21:34:26Z,2026-08-12T22:09:26Z,2026-08-12T22:00:06Z,delivered,Paneer Wrap; Mango Lassi,16.50,1.57,18.07
DP-847F76,2026-08-12T21:36:33Z,2026-08-12T22:11:33Z,2026-08-12T22:13:24Z,delivered,Butter Chicken Plate; Chana Masala Bowl,28.00,2.66,30.66
DP-12E1F9,2026-08-12T21:51:38Z,2026-08-12T22:26:38Z,2026-08-12T22:20:46Z,delivered,Paneer Wrap; Chana Masala Bowl; Samosa (2),29.50,2.80,32.30
DP-77E550,2026-08-12T22:07:37Z,2026-08-12T22:42:37Z,2026-08-12T22:35:15Z,delivered,Dal Makhani; Chana Masala Bowl,22.00,2.09,24.09
DP-66999E,2026-08-12T22:49:22Z,2026-08-12T23:24:22Z,2026-08-12T23:23:13Z,delivered,Chicken Tikka Bowl; Dal Makhani; Mango Lassi; Samosa (2),34.50,3.28,37.78
DP-5CD65A,2026-08-12T23:07:09Z,2026-08-12T23:42:09Z,2026-08-12T23:37:24Z,delivered,Dal Makhani; Chana Masala Bowl,22.00,2.09,24.09
DP-40B549,2026-08-12T23:30:13Z,2026-08-13T00:05:13Z,2026-08-13T00:00:40Z,delivered,Samosa (2),6.00,0.57,6.57
DP-5951DC,2026-08-12T23:49:11Z,2026-08-13T00:24:11Z,,cancelled,Dal Makhani,10.00,0.95,10.95
DP-522543,2026-08-12T23:58:44Z,2026-08-13T00:33:44Z,2026-08-13T00:30:58Z,delivered,Chana Masala Bowl; Butter Chicken Plate; Samosa (2); Dal Makhani; Butter Chicken Plate,60.00,5.70,65.70
DP-1C9940,2026-08-13T00:04:22Z,2026-08-13T00:39:22Z,2026-08-13T00:28:39Z,delivered,Garlic Naan,3.50,0.33,3.83
DP-93D469,2026-08-13T00:53:40Z,2026-08-13T01:28:40Z,2026-08-13T01:23:44Z,delivered,Butter Chicken Plate; Chana Masala Bowl; Garlic Naan,31.50,2.99,34.49
DP-F32FE4,2026-08-13T01:21:44Z,2026-08-13T01:56:44Z,2026-08-13T01:54:31Z,delivered,Garlic Naan; Dal Makhani; Butter Chicken Plate; Chana Masala Bowl,41.50,3.94,45.44
DP-6C630A,2026-08-13T01:30:41Z,2026-08-13T02:05:41Z,2026-08-13T02:01:02Z,delivered,Samosa (2); Chana Masala Bowl; Dal Makhani,28.00,2.66,30.66
DP-11ECD5,2026-08-13T01:38:05Z,2026-08-13T02:13:05Z,2026-08-13T02:11:53Z,delivered,Garlic Naan; Paneer Wrap; Paneer Wrap; Chana Masala Bowl,38.50,3.66,42.16
DP-C5CE37,2026-08-13T01:40:21Z,2026-08-13T02:15:21Z,2026-08-13T02:06:24Z,delivered,Dal Makhani; Butter Chicken Plate,26.00,2.47,28.47
DP-B5E2FA,2026-08-13T01:40:49Z,2026-08-13T02:15:49Z,2026-08-13T02:56:49Z,delivered,Chicken Tikka Bowl; Garlic Naan; Mango Lassi,22.00,2.09,24.09
DP-24EED3,2026-08-13T01:53:01Z,2026-08-13T02:28:01Z,2026-08-13T02:19:54Z,delivered,Butter Chicken Plate; Samosa (2),22.00,2.09,24.09
DP-BCC5B3,2026-08-13T01:57:30Z,2026-08-13T02:32:30Z,2026-08-13T02:23:35Z,delivered,Mango Lassi,5.00,0.47,5.47
DP-940E8F,2026-08-13T02:01:29Z,2026-08-13T02:36:29Z,2026-08-13T02:31:57Z,delivered,Garlic Naan,3.50,0.33,3.83
DP-9C8269,2026-08-13T02:04:10Z,2026-08-13T02:39:10Z,2026-08-13T02:28:57Z,delivered,Mango Lassi,5.00,0.47,5.47
DP-5C0A53,2026-08-13T02:11:14Z,2026-08-13T02:46:14Z,,cancelled,Chicken Tikka Bowl; Chana Masala Bowl; Garlic Naan; Chana Masala Bowl,41.00,3.90,44.90
DP-61AF97,2026-08-13T02:19:12Z,2026-08-13T02:54:12Z,2026-08-13T02:58:16Z,delivered,Mango Lassi; Dal Makhani; Butter Chicken Plate,31.00,2.94,33.94
DP-3B60BC,2026-08-13T03:02:10Z,2026-08-13T03:37:10Z,2026-08-13T03:32:59Z,delivered,Dal Makhani; Paneer Wrap,21.50,2.04,23.54
DP-F5D103,2026-08-13T03:14:05Z,2026-08-13T03:49:05Z,2026-08-13T03:47:03Z,delivered,Paneer Wrap; Garlic Naan; Samosa (2),21.00,2.00,23.00
DP-B591C4,2026-08-13T03:41:24Z,2026-08-13T04:16:24Z,2026-08-13T04:09:44Z,delivered,Chana Masala Bowl; Butter Chicken Plate; Samosa (2),34.00,3.23,37.23
DP-69E08F,2026-08-13T03:50:37Z,2026-08-13T04:25:37Z,2026-08-13T04:16:10Z,delivered,Garlic Naan; Dal Makhani,13.50,1.28,14.78
DP-4E5CE0,2026-08-13T18:00:31Z,2026-08-13T18:35:31Z,2026-08-13T18:27:24Z,delivered,Garlic Naan; Garlic Naan,7.00,0.67,7.67
DP-89FE25,2026-08-13T18:15:00Z,2026-08-13T18:50:00Z,2026-08-13T18:40:17Z,delivered,Paneer Wrap; Samosa (2); Chicken Tikka Bowl,31.00,2.94,33.94
DP-DC4342,2026-08-13T18:19:31Z,2026-08-13T18:54:31Z,2026-08-13T18:49:12Z,delivered,Garlic Naan; Dal Makhani,13.50,1.28,14.78
DP-33F624,2026-08-13T18:19:41Z,2026-08-13T18:54:41Z,2026-08-13T18:50:49Z,delivered,Chicken Tikka Bowl; Garlic Naan,17.00,1.61,18.61
DP-80B331,2026-08-13T19:08:01Z,2026-08-13T19:43:01Z,2026-08-13T19:33:26Z,delivered,Chana Masala Bowl,12.00,1.14,13.14
DP-D07F43,2026-08-13T19:11:57Z,2026-08-13T19:46:57Z,2026-08-13T19:45:23Z,delivered,Garlic Naan; Chicken Tikka Bowl; Chicken Tikka Bowl,30.50,2.90,33.40
DP-373F3E,2026-08-13T19:16:19Z,2026-08-13T19:51:19Z,2026-08-13T19:48:59Z,delivered,Garlic Naan; Chicken Tikka Bowl; Butter Chicken Plate,33.00,3.14,36.14
DP-9EAB03,2026-08-13T19:22:35Z,2026-08-13T19:57:35Z,2026-08-13T19:55:53Z,delivered,Mango Lassi,5.00,0.47,5.47
DP-7E3D3D,2026-08-13T19:24:46Z,2026-08-13T19:59:46Z,2026-08-13T19:57:51Z,delivered,Butter Chicken Plate,16.00,1.52,17.52
DP-1ED305,2026-08-13T19:26:05Z,2026-08-13T20:01:05Z,2026-08-13T20:23:05Z,delivered,Chicken Tikka Bowl; Samosa (2); Samosa (2),25.50,2.42,27.92
DP-3C1CCB,2026-08-13T19:31:26Z,2026-08-13T20:06:26Z,2026-08-13T20:06:31Z,delivered,Dal Makhani; Garlic Naan; Mango Lassi; Chicken Tikka Bowl,32.00,3.04,35.04
DP-94C20F,2026-08-13T19:46:47Z,2026-08-13T20:21:47Z,2026-08-13T20:19:02Z,delivered,Paneer Wrap; Paneer Wrap; Samosa (2); Chicken Tikka Bowl; Dal Makhani,52.50,4.99,57.49
DP-93D20A,2026-08-13T19:47:27Z,2026-08-13T20:22:27Z,2026-08-13T20:17:59Z,delivered,Chicken Tikka Bowl; Chana Masala Bowl; Butter Chicken Plate; Samosa (2),47.50,4.51,52.01
DP-9220A0,2026-08-13T19:48:06Z,2026-08-13T20:23:06Z,2026-08-13T20:11:47Z,delivered,Dal Makhani; Mango Lassi; Garlic Naan; Dal Makhani,28.50,2.71,31.21
DP-42EFA3,2026-08-13T19:54:09Z,2026-08-13T20:29:09Z,2026-08-13T20:22:38Z,delivered,Samosa (2),6.00,0.57,6.57
DP-B8DEE4,2026-08-13T19:57:46Z,2026-08-13T20:32:46Z,,cancelled,Butter Chicken Plate,16.00,1.52,17.52
DP-BC8F7F,2026-08-13T20:16:15Z,2026-08-13T20:51:15Z,2026-08-13T20:48:00Z,delivered,Chicken Tikka Bowl; Paneer Wrap; Butter Chicken Plate,41.00,3.90,44.90
DP-5C155A,2026-08-13T20:19:24Z,2026-08-13T20:54:24Z,2026-08-13T20:46:02Z,delivered,Garlic Naan; Garlic Naan,7.00,0.67,7.67
DP-26A6CF,2026-08-13T20:26:14Z,2026-08-13T21:01:14Z,2026-08-13T20:55:53Z,delivered,Chana Masala Bowl; Samosa (2),18.00,1.71,19.71
DP-C751AB,2026-08-13T20:51:40Z,2026-08-13T21:26:40Z,2026-08-13T21:19:53Z,delivered,Dal Makhani; Chicken Tikka Bowl; Samosa (2),29.50,2.80,32.30
DP-A6ADE1,2026-08-13T21:16:34Z,2026-08-13T21:51:34Z,2026-08-13T21:45:12Z,delivered,Mango Lassi; Mango Lassi; Samosa (2),16.00,1.52,17.52
DP-4E6515,2026-08-13T21:59:40Z,2026-08-13T22:34:40Z,2026-08-13T22:25:54Z,delivered,Chana Masala Bowl,12.00,1.14,13.14
DP-B398C7,2026-08-13T22:06:39Z,2026-08-13T22:41:39Z,2026-08-13T22:37:29Z,delivered,Chana Masala Bowl,12.00,1.14,13.14
DP-5505D0,2026-08-13T22:13:46Z,2026-08-13T22:48:46Z,2026-08-13T22:47:28Z,delivered,Dal Makhani,10.00,0.95,10.95
DP-E1A019,2026-08-13T23:02:56Z,2026-08-13T23:37:56Z,2026-08-13T23:34:53Z,delivered,Paneer Wrap; Chana Masala Bowl; Garlic Naan,27.00,2.56,29.56
DP-071CA8,2026-08-13T23:22:05Z,2026-08-13T23:57:05Z,2026-08-13T23:49:16Z,delivered,Samosa (2),6.00,0.57,6.57
DP-3C7B19,2026-08-14T00:45:23Z,2026-08-14T01:20:23Z,2026-08-14T01:20:54Z,delivered,Garlic Naan; Chicken Tikka Bowl; Chana Masala Bowl; Garlic Naan; Garlic Naan,36.00,3.42,39.42
DP-0E0D90,2026-08-14T00:57:08Z,2026-08-14T01:32:08Z,2026-08-14T01:50:08Z,delivered,Mango Lassi; Samosa (2),11.00,1.04,12.04
DP-971881,2026-08-14T01:09:28Z,2026-08-14T01:44:28Z,2026-08-14T01:42:21Z,delivered,Chana Masala Bowl; Chana Masala Bowl; Samosa (2),30.00,2.85,32.85
DP-7A9A17,2026-08-14T01:23:31Z,2026-08-14T01:58:31Z,2026-08-14T01:52:43Z,delivered,Dal Makhani; Paneer Wrap; Paneer Wrap; Paneer Wrap,44.50,4.23,48.73
DP-734882,2026-08-14T01:27:48Z,2026-08-14T02:02:48Z,2026-08-14T01:54:39Z,delivered,Chicken Tikka Bowl,13.50,1.28,14.78
DP-B8520C,2026-08-14T01:52:49Z,2026-08-14T02:27:49Z,2026-08-14T02:30:20Z,delivered,Dal Makhani,10.00,0.95,10.95
DP-7C4D8F,2026-08-14T01:54:40Z,2026-08-14T02:29:40Z,2026-08-14T02:30:09Z,delivered,Garlic Naan; Dal Makhani,13.50,1.28,14.78
DP-A48165,2026-08-14T02:36:47Z,2026-08-14T03:11:47Z,2026-08-14T03:07:40Z,delivered,Butter Chicken Plate; Samosa (2); Paneer Wrap,33.50,3.18,36.68
DP-EFE48E,2026-08-14T02:58:48Z,2026-08-14T03:33:48Z,2026-08-14T03:22:46Z,delivered,Chana Masala Bowl; Samosa (2); Dal Makhani,28.00,2.66,30.66
DP-9FF1DF,2026-08-14T03:05:21Z,2026-08-14T03:40:21Z,2026-08-14T03:33:35Z,delivered,Paneer Wrap; Paneer Wrap; Paneer Wrap,34.50,3.28,37.78
DP-AB65AD,2026-08-14T03:10:20Z,2026-08-14T03:45:20Z,,cancelled,Mango Lassi; Chana Masala Bowl; Garlic Naan,20.50,1.95,22.45
DP-5555B0,2026-08-14T03:34:10Z,2026-08-14T04:09:10Z,2026-08-14T04:06:06Z,delivered,Chana Masala Bowl; Samosa (2); Garlic Naan,21.50,2.04,23.54
DP-29500D,2026-08-14T03:41:57Z,2026-08-14T04:16:57Z,2026-08-14T04:15:35Z,delivered,Mango Lassi; Chicken Tikka Bowl,18.50,1.76,20.26
DP-107212,2026-08-14T03:52:01Z,2026-08-14T04:27:01Z,2026-08-14T04:22:55Z,delivered,Paneer Wrap; Samosa (2); Paneer Wrap,29.00,2.75,31.75
DP-1AC8C3,2026-08-14T04:20:14Z,2026-08-14T04:55:14Z,2026-08-14T04:48:42Z,delivered,Garlic Naan; Chicken Tikka Bowl; Mango Lassi; Garlic Naan; Chana Masala Bowl,37.50,3.56,41.06
DP-47366D,2026-08-14T04:27:04Z,2026-08-14T05:02:04Z,2026-08-14T04:58:48Z,delivered,Dal Makhani,10.00,0.95,10.95
DP-4DC046,2026-08-14T18:00:39Z,2026-08-14T18:35:39Z,,cancelled,Butter Chicken Plate; Samosa (2),22.00,2.09,24.09
DP-E1B458,2026-08-14T18:11:25Z,2026-08-14T18:46:25Z,2026-08-14T18:43:26Z,delivered,Paneer Wrap; Paneer Wrap,23.00,2.19,25.19
DP-E1AE32,2026-08-14T18:24:00Z,2026-08-14T18:59:00Z,2026-08-14T18:49:59Z,delivered,Garlic Naan; Garlic Naan; Dal Makhani,17.00,1.61,18.61
DP-0BE157,2026-08-14T18:29:48Z,2026-08-14T19:04:48Z,2026-08-14T19:07:05Z,delivered,Mango Lassi; Mango Lassi; Butter Chicken Plate; Dal Makhani; Paneer Wrap,47.50,4.51,52.01
DP-F646C9,2026-08-14T18:51:26Z,2026-08-14T19:26:26Z,2026-08-14T19:29:14Z,delivered,Chana Masala Bowl; Chana Masala Bowl,24.00,2.28,26.28
DP-A41475,2026-08-14T18:53:08Z,2026-08-14T19:28:08Z,2026-08-14T19:19:44Z,delivered,Butter Chicken Plate,16.00,1.52,17.52
DP-40FAA2,2026-08-14T19:01:38Z,2026-08-14T19:36:38Z,2026-08-14T19:27:37Z,delivered,Dal Makhani; Samosa (2),16.00,1.52,17.52
DP-7645D4,2026-08-14T19:21:14Z,2026-08-14T19:56:14Z,2026-08-14T19:52:44Z,delivered,Mango Lassi; Mango Lassi; Mango Lassi; Mango Lassi,20.00,1.90,21.90
DP-06B17C,2026-08-14T19:22:33Z,2026-08-14T19:57:33Z,2026-08-14T19:51:02Z,delivered,Samosa (2); Samosa (2); Chana Masala Bowl,24.00,2.28,26.28
DP-FB5DED,2026-08-14T19:22:58Z,2026-08-14T19:57:58Z,2026-08-14T19:59:14Z,delivered,Chicken Tikka Bowl,13.50,1.28,14.78
DP-C8D29E,2026-08-14T19:28:00Z,2026-08-14T20:03:00Z,2026-08-14T19:56:21Z,delivered,Mango Lassi; Paneer Wrap,16.50,1.57,18.07
DP-1AA096,2026-08-14T19:34:37Z,2026-08-14T20:09:37Z,2026-08-14T19:59:40Z,delivered,Garlic Naan,3.50,0.33,3.83
DP-23A9A7,2026-08-14T19:37:02Z,2026-08-14T20:12:02Z,2026-08-14T20:15:10Z,delivered,Chicken Tikka Bowl; Butter Chicken Plate,29.50,2.80,32.30
DP-EF2446,2026-08-14T19:48:21Z,2026-08-14T20:23:21Z,2026-08-14T20:17:43Z,delivered,Mango Lassi; Chicken Tikka Bowl,18.50,1.76,20.26
DP-9E8C0A,2026-08-14T19:50:43Z,2026-08-14T20:25:43Z,2026-08-14T20:19:25Z,delivered,Mango Lassi; Dal Makhani,15.00,1.43,16.43
DP-E46C31,2026-08-14T19:55:13Z,2026-08-14T20:30:13Z,2026-08-14T20:22:32Z,delivered,Chicken Tikka Bowl; Chana Masala Bowl; Garlic Naan; Butter Chicken Plate,45.00,4.28,49.28
DP-CAABFB,2026-08-14T20:07:35Z,2026-08-14T20:42:35Z,2026-08-14T21:00:35Z,delivered,Chana Masala Bowl,12.00,1.14,13.14
DP-8A3458,2026-08-14T20:14:54Z,2026-08-14T20:49:54Z,2026-08-14T20:46:07Z,delivered,Dal Makhani; Butter Chicken Plate; Mango Lassi; Dal Makhani,41.00,3.90,44.90
DP-D61984,2026-08-14T20:16:21Z,2026-08-14T20:51:21Z,2026-08-14T21:27:21Z,delivered,Garlic Naan; Chicken Tikka Bowl; Chana Masala Bowl; Chicken Tikka Bowl,42.50,4.04,46.54
DP-2FFF48,2026-08-14T20:29:44Z,2026-08-14T21:04:44Z,2026-08-14T21:03:37Z,delivered,Chana Masala Bowl; Dal Makhani,22.00,2.09,24.09
DP-0AF780,2026-08-14T20:39:31Z,2026-08-14T21:14:31Z,2026-08-14T21:05:15Z,delivered,Chicken Tikka Bowl; Chana Masala Bowl; Garlic Naan; Chicken Tikka Bowl,42.50,4.04,46.54
DP-0E6941,2026-08-14T20:51:47Z,2026-08-14T21:26:47Z,2026-08-14T21:15:52Z,delivered,Mango Lassi; Mango Lassi,10.00,0.95,10.95
DP-5604AC,2026-08-14T20:54:18Z,2026-08-14T21:29:18Z,2026-08-14T21:28:28Z,delivered,Dal Makhani; Butter Chicken Plate; Garlic Naan,29.50,2.80,32.30
DP-63E60C,2026-08-14T20:55:40Z,2026-08-14T21:30:40Z,2026-08-14T21:24:54Z,delivered,Paneer Wrap; Butter Chicken Plate,27.50,2.61,30.11
DP-A9D0D4,2026-08-14T20:59:18Z,2026-08-14T21:34:18Z,2026-08-14T21:24:02Z,delivered,Mango Lassi; Chana Masala Bowl,17.00,1.61,18.61
DP-A8E18E,2026-08-14T21:38:24Z,2026-08-14T22:13:24Z,2026-08-14T22:08:18Z,delivered,Samosa (2); Dal Makhani; Butter Chicken Plate; Mango Lassi; Garlic Naan,40.50,3.85,44.35
DP-B2AF19,2026-08-14T22:07:00Z,2026-08-14T22:42:00Z,2026-08-14T22:32:53Z,delivered,Garlic Naan; Chana Masala Bowl,15.50,1.47,16.97
DP-3530A2,2026-08-14T22:07:31Z,2026-08-14T22:42:31Z,2026-08-14T22:36:09Z,delivered,Butter Chicken Plate; Chana Masala Bowl,28.00,2.66,30.66
DP-3530A2,2026-08-14T22:07:31Z,2026-08-14T22:42:31Z,2026-08-14T22:36:09Z,delivered,Butter Chicken Plate; Chana Masala Bowl,28.00,2.66,30.66
DP-CC131E,2026-08-14T22:10:03Z,2026-08-14T22:45:03Z,2026-08-14T22:42:17Z,delivered,Paneer Wrap; Mango Lassi; Chana Masala Bowl,28.50,2.71,31.21
DP-DFAED7,2026-08-14T22:13:18Z,2026-08-14T22:48:18Z,2026-08-14T22:41:31Z,delivered,Paneer Wrap; Samosa (2); Samosa (2); Mango Lassi; Chicken Tikka Bowl,42.00,3.99,45.99
DP-1B42F7,2026-08-14T22:15:51Z,2026-08-14T22:50:51Z,2026-08-14T22:48:33Z,delivered,Dal Makhani; Dal Makhani,20.00,1.90,21.90
DP-A16CE3,2026-08-14T22:23:09Z,2026-08-14T22:58:09Z,2026-08-14T23:03:29Z,delivered,Garlic Naan; Butter Chicken Plate,19.50,1.85,21.35
DP-BD98DF,2026-08-14T22:32:05Z,2026-08-14T23:07:05Z,2026-08-14T23:09:07Z,delivered,Dal Makhani; Chicken Tikka Bowl; Paneer Wrap,35.00,3.33,38.33
DP-BFBE54,2026-08-14T22:44:26Z,2026-08-14T23:19:26Z,2026-08-14T23:12:19Z,delivered,Paneer Wrap; Butter Chicken Plate; Garlic Naan,31.00,2.94,33.94
DP-77592C,2026-08-14T23:10:38Z,2026-08-14T23:45:38Z,2026-08-14T23:45:04Z,delivered,Samosa (2); Butter Chicken Plate; Samosa (2); Dal Makhani,38.00,3.61,41.61
DP-B92F83,2026-08-14T23:18:47Z,2026-08-14T23:53:47Z,2026-08-14T23:49:27Z,delivered,Mango Lassi; Chicken Tikka Bowl,18.50,1.76,20.26
DP-98FC18,2026-08-14T23:26:06Z,2026-08-15T00:01:06Z,2026-08-14T23:55:41Z,delivered,Paneer Wrap; Mango Lassi; Mango Lassi; Dal Makhani,31.50,2.99,34.49
DP-0C536D,2026-08-15T00:02:03Z,2026-08-15T00:37:03Z,2026-08-15T00:30:01Z,delivered,Mango Lassi; Butter Chicken Plate,21.00,2.00,23.00
DP-144478,2026-08-15T00:12:49Z,2026-08-15T00:47:49Z,2026-08-15T00:46:24Z,delivered,Chicken Tikka Bowl; Butter Chicken Plate; Paneer Wrap,41.00,3.90,44.90
DP-389056,2026-08-15T00:15:40Z,2026-08-15T00:50:40Z,2026-08-15T00:42:44Z,delivered,Samosa (2); Butter Chicken Plate,22.00,2.09,24.09
DP-2BCAB5,2026-08-15T00:23:36Z,2026-08-15T00:58:36Z,2026-08-15T00:52:52Z,delivered,Mango Lassi; Mango Lassi; Garlic Naan,13.50,1.28,14.78
DP-6898CF,2026-08-15T00:25:25Z,2026-08-15T01:00:25Z,2026-08-15T00:54:50Z,delivered,Paneer Wrap,11.50,1.09,12.59
DP-64B238,2026-08-15T01:01:09Z,2026-08-15T01:36:09Z,2026-08-15T01:29:50Z,delivered,Mango Lassi; Mango Lassi; Samosa (2),16.00,1.52,17.52
DP-13F729,2026-08-15T01:02:20Z,2026-08-15T01:37:20Z,2026-08-15T01:37:27Z,delivered,Butter Chicken Plate; Samosa (2),22.00,2.09,24.09
DP-CAD94A,2026-08-15T01:10:44Z,2026-08-15T01:45:44Z,2026-08-15T01:43:39Z,delivered,Chicken Tikka Bowl; Garlic Naan; Chicken Tikka Bowl,30.50,2.90,33.40
DP-5DAA0A,2026-08-15T01:10:55Z,2026-08-15T01:45:55Z,2026-08-15T02:15:55Z,delivered,Chana Masala Bowl; Chana Masala Bowl; Dal Makhani; Butter Chicken Plate,50.00,4.75,54.75
DP-D76444,2026-08-15T01:17:40Z,2026-08-15T01:52:40Z,2026-08-15T02:30:40Z,delivered,Dal Makhani; Chicken Tikka Bowl; Chicken Tikka Bowl; Samosa (2),43.00,4.08,47.08
DP-368967,2026-08-15T01:18:28Z,2026-08-15T01:53:28Z,2026-08-15T01:57:04Z,delivered,Paneer Wrap; Paneer Wrap; Chana Masala Bowl,35.00,3.33,38.33
DP-78AD9A,2026-08-15T01:35:07Z,2026-08-15T02:10:07Z,2026-08-15T02:03:49Z,delivered,Dal Makhani,10.00,0.95,10.95
DP-7DEF78,2026-08-15T01:37:07Z,2026-08-15T02:12:07Z,2026-08-15T02:11:14Z,delivered,Samosa (2); Chana Masala Bowl; Mango Lassi,23.00,2.19,25.19
DP-CCBA28,2026-08-15T02:01:40Z,2026-08-15T02:36:40Z,2026-08-15T02:39:56Z,delivered,Garlic Naan; Chana Masala Bowl,15.50,1.47,16.97
DP-9E8CDA,2026-08-15T02:03:20Z,2026-08-15T02:38:20Z,2026-08-15T02:36:38Z,delivered,Samosa (2); Paneer Wrap; Garlic Naan,21.00,2.00,23.00
DP-493AF2,2026-08-15T02:07:36Z,2026-08-15T02:42:36Z,2026-08-15T02:39:26Z,delivered,Mango Lassi,5.00,0.47,5.47
DP-0D3C49,2026-08-15T02:16:51Z,2026-08-15T02:51:51Z,2026-08-15T02:52:08Z,delivered,Paneer Wrap; Butter Chicken Plate; Garlic Naan,31.00,2.94,33.94
DP-C1F503,2026-08-15T02:18:44Z,2026-08-15T02:53:44Z,2026-08-15T03:14:44Z,delivered,Garlic Naan; Mango Lassi,8.50,0.81,9.31
DP-EC5A84,2026-08-15T02:19:34Z,2026-08-15T02:54:34Z,2026-08-15T02:50:15Z,delivered,Chana Masala Bowl; Garlic Naan; Dal Makhani,25.50,2.42,27.92
DP-35DC9E,2026-08-15T02:34:27Z,2026-08-15T03:09:27Z,2026-08-15T03:06:14Z,delivered,Garlic Naan,3.50,0.33,3.83
DP-03C781,2026-08-15T02:35:38Z,2026-08-15T03:10:38Z,2026-08-15T03:48:38Z,delivered,Butter Chicken Plate; Paneer Wrap; Paneer Wrap,39.00,3.71,42.71
DP-8212DF,2026-08-15T02:37:08Z,2026-08-15T03:12:08Z,2026-08-15T03:12:19Z,delivered,Chicken Tikka Bowl; Butter Chicken Plate; Dal Makhani,39.50,3.75,43.25
DP-14DD3C,2026-08-15T02:38:23Z,2026-08-15T03:13:23Z,2026-08-15T03:07:34Z,delivered,Chicken Tikka Bowl; Butter Chicken Plate; Chicken Tikka Bowl; Paneer Wrap,54.50,5.18,59.68
DP-D1F3F3,2026-08-15T02:42:20Z,2026-08-15T03:17:20Z,2026-08-15T03:56:20Z,delivered,Garlic Naan; Chicken Tikka Bowl,17.00,1.61,18.61
DP-049E05,2026-08-15T02:52:31Z,2026-08-15T03:27:31Z,2026-08-15T03:18:56Z,delivered,Butter Chicken Plate; Dal Makhani; Butter Chicken Plate; Butter Chicken Plate; Chana Masala Bowl,70.00,6.65,76.65
DP-62721F,2026-08-15T02:56:53Z,2026-08-15T03:31:53Z,2026-08-15T03:34:52Z,delivered,Butter Chicken Plate; Garlic Naan,19.50,1.85,21.35
DP-1DD5C2,2026-08-15T03:02:08Z,2026-08-15T03:37:08Z,2026-08-15T04:14:08Z,delivered,Dal Makhani; Samosa (2),16.00,1.52,17.52
DP-E8BDC9,2026-08-15T03:27:01Z,2026-08-15T04:02:01Z,2026-08-15T03:55:54Z,delivered,Paneer Wrap; Chicken Tikka Bowl,25.00,2.38,27.38
DP-E2E4CC,2026-08-15T03:39:45Z,2026-08-15T04:14:45Z,,cancelled,Samosa (2),6.00,0.57,6.57
DP-CD581E,2026-08-15T03:45:35Z,2026-08-15T04:20:35Z,2026-08-15T04:12:06Z,delivered,Butter Chicken Plate; Chicken Tikka Bowl; Chicken Tikka Bowl,43.00,4.08,47.08
DP-633B54,2026-08-15T03:55:29Z,2026-08-15T04:30:29Z,2026-08-15T04:55:29Z,delivered,Chana Masala Bowl; Chana Masala Bowl,24.00,2.28,26.28
DP-8E37B3,2026-08-15T04:18:59Z,2026-08-15T04:53:59Z,2026-08-15T04:46:04Z,delivered,Paneer Wrap; Samosa (2); Chicken Tikka Bowl,31.00,2.94,33.94
DP-BF1E70,2026-08-15T04:22:40Z,2026-08-15T04:57:40Z,,cancelled,Chicken Tikka Bowl,13.50,1.28,14.78
DP-A792A4,2026-08-15T04:23:08Z,2026-08-15T04:58:08Z,2026-08-15T04:59:27Z,delivered,Butter Chicken Plate; Dal Makhani; Dal Makhani,36.00,3.42,39.42
DP-7BF07E,2026-08-15T04:41:52Z,2026-08-15T05:16:52Z,2026-08-15T05:11:16Z,delivered,Butter Chicken Plate; Chana Masala Bowl; Butter Chicken Plate,44.00,4.18,48.18
DP-7221B6,2026-08-15T18:08:08Z,2026-08-15T18:43:08Z,2026-08-15T18:35:09Z,delivered,Paneer Wrap; Chicken Tikka Bowl; Garlic Naan,28.50,2.71,31.21
DP-DB03CF,2026-08-15T18:25:10Z,2026-08-15T19:00:10Z,2026-08-15T18:48:00Z,delivered,Butter Chicken Plate; Mango Lassi,21.00,2.00,23.00
DP-5EC555,2026-08-15T18:27:33Z,2026-08-15T19:02:33Z,2026-08-15T19:41:33Z,delivered,Garlic Naan; Mango Lassi,8.50,0.81,9.31
DP-0E97A3,2026-08-15T19:03:46Z,2026-08-15T19:38:46Z,2026-08-15T19:32:21Z,delivered,Samosa (2),6.00,0.57,6.57
DP-0A0293,2026-08-15T19:04:21Z,2026-08-15T19:39:21Z,2026-08-15T19:36:26Z,delivered,Butter Chicken Plate; Garlic Naan; Samosa (2),25.50,2.42,27.92
DP-9D11B1,2026-08-15T19:11:39Z,2026-08-15T19:46:39Z,2026-08-15T19:41:01Z,delivered,Chana Masala Bowl,12.00,1.14,13.14
DP-60334A,2026-08-15T19:12:51Z,2026-08-15T19:47:51Z,2026-08-15T19:48:40Z,delivered,Butter Chicken Plate; Garlic Naan; Chicken Tikka Bowl,33.00,3.14,36.14
DP-C510F6,2026-08-15T19:15:20Z,2026-08-15T19:50:20Z,2026-08-15T19:46:10Z,delivered,Chana Masala Bowl,12.00,1.14,13.14
DP-90AF28,2026-08-15T19:33:41Z,2026-08-15T20:08:41Z,2026-08-15T20:02:45Z,delivered,Samosa (2); Garlic Naan,9.50,0.90,10.40
DP-DDB686,2026-08-15T19:49:26Z,2026-08-15T20:24:26Z,2026-08-15T20:14:30Z,delivered,Paneer Wrap; Samosa (2); Garlic Naan,21.00,2.00,23.00
DP-F0975D,2026-08-15T19:52:34Z,2026-08-15T20:27:34Z,2026-08-15T20:19:35Z,delivered,Paneer Wrap; Dal Makhani; Dal Makhani,31.50,2.99,34.49
DP-CE501E,2026-08-15T19:54:00Z,2026-08-15T20:29:00Z,2026-08-15T20:21:55Z,delivered,Chana Masala Bowl,12.00,1.14,13.14
DP-B0702D,2026-08-15T19:55:22Z,2026-08-15T20:30:22Z,,cancelled,Samosa (2),6.00,0.57,6.57
DP-B0702D,2026-08-15T19:55:22Z,2026-08-15T20:30:22Z,,cancelled,Samosa (2),6.00,0.57,6.57
DP-A05396,2026-08-15T20:02:37Z,2026-08-15T20:37:37Z,2026-08-15T20:30:15Z,delivered,Butter Chicken Plate; Chana Masala Bowl,28.00,2.66,30.66
DP-085CB5,2026-08-15T20:03:33Z,2026-08-15T20:38:33Z,2026-08-15T20:27:56Z,delivered,Dal Makhani; Chana Masala Bowl; Garlic Naan; Garlic Naan,29.00,2.75,31.75
DP-28D127,2026-08-15T20:04:22Z,2026-08-15T20:39:22Z,2026-08-15T20:30:10Z,delivered,Butter Chicken Plate; Mango Lassi,21.00,2.00,23.00
DP-67E8C3,2026-08-15T20:19:49Z,2026-08-15T20:54:49Z,2026-08-15T20:55:03Z,delivered,Chana Masala Bowl; Butter Chicken Plate; Samosa (2); Mango Lassi; Samosa (2),45.00,4.28,49.28
DP-EC501D,2026-08-15T20:19:54Z,2026-08-15T20:54:54Z,2026-08-15T20:41:54Z,delivered,Butter Chicken Plate; Garlic Naan; Paneer Wrap,31.00,2.94,33.94
DP-4DE735,2026-08-15T20:39:47Z,2026-08-15T21:14:47Z,2026-08-15T21:04:08Z,delivered,Paneer Wrap; Dal Makhani; Paneer Wrap; Chicken Tikka Bowl; Dal Makhani,56.50,5.37,61.87
DP-573784,2026-08-15T20:49:29Z,2026-08-15T21:24:29Z,2026-08-15T21:22:14Z,delivered,Samosa (2); Mango Lassi,11.00,1.04,12.04
DP-B7215F,2026-08-15T20:57:26Z,2026-08-15T21:32:26Z,2026-08-15T21:29:43Z,delivered,Butter Chicken Plate; Samosa (2),22.00,2.09,24.09
DP-3D421F,2026-08-15T20:59:16Z,2026-08-15T21:34:16Z,2026-08-15T21:34:57Z,delivered,Chana Masala Bowl; Chana Masala Bowl,24.00,2.28,26.28
DP-F0E9B2,2026-08-15T21:24:38Z,2026-08-15T21:59:38Z,2026-08-15T22:21:38Z,delivered,Paneer Wrap; Chicken Tikka Bowl,25.00,2.38,27.38
DP-C7F169,2026-08-15T22:43:40Z,2026-08-15T23:18:40Z,2026-08-15T23:09:31Z,delivered,Chicken Tikka Bowl; Chana Masala Bowl; Samosa (2),31.50,2.99,34.49
DP-B9247D,2026-08-15T23:04:35Z,2026-08-15T23:39:35Z,2026-08-15T23:36:14Z,delivered,Butter Chicken Plate; Chicken Tikka Bowl,29.50,2.80,32.30
DP-375B75,2026-08-15T23:38:48Z,2026-08-16T00:13:48Z,2026-08-16T00:10:37Z,delivered,Paneer Wrap,11.50,1.09,12.59
DP-F7C0E9,2026-08-16T00:05:15Z,2026-08-16T00:40:15Z,,cancelled,Garlic Naan; Mango Lassi; Chana Masala Bowl,20.50,1.95,22.45
DP-0A356E,2026-08-16T00:37:15Z,2026-08-16T01:12:15Z,2026-08-16T01:07:22Z,delivered,Samosa (2),6.00,0.57,6.57
DP-35EDF2,2026-08-16T00:43:03Z,2026-08-16T01:18:03Z,2026-08-16T01:07:28Z,delivered,Mango Lassi; Butter Chicken Plate,21.00,2.00,23.00
DP-E70BBF,2026-08-16T00:44:17Z,2026-08-16T01:19:17Z,2026-08-16T01:11:25Z,delivered,Butter Chicken Plate; Paneer Wrap,27.50,2.61,30.11
DP-D66093,2026-08-16T00:54:41Z,2026-08-16T01:29:41Z,2026-08-16T01:36:54Z,delivered,Mango Lassi,5.00,0.47,5.47
DP-D8F08C,2026-08-16T00:58:03Z,2026-08-16T01:33:03Z,2026-08-16T01:28:34Z,delivered,Garlic Naan; Mango Lassi,8.50,0.81,9.31
DP-B5435F,2026-08-16T01:00:05Z,2026-08-16T01:35:05Z,2026-08-16T01:27:13Z,delivered,Garlic Naan; Samosa (2); Paneer Wrap; Dal Makhani; Butter Chicken Plate,47.00,4.46,51.46
DP-6023EC,2026-08-16T01:00:51Z,2026-08-16T01:35:51Z,2026-08-16T01:27:49Z,delivered,Mango Lassi; Samosa (2); Mango Lassi,16.00,1.52,17.52
DP-F338DA,2026-08-16T01:03:56Z,2026-08-16T01:38:56Z,2026-08-16T01:33:32Z,delivered,Samosa (2); Butter Chicken Plate; Butter Chicken Plate; Chicken Tikka Bowl; Garlic Naan,55.00,5.22,60.22
DP-EBBE5D,2026-08-16T01:14:03Z,2026-08-16T01:49:03Z,2026-08-16T01:42:19Z,delivered,Dal Makhani,10.00,0.95,10.95
DP-F2DFB6,2026-08-16T01:28:33Z,2026-08-16T02:03:33Z,2026-08-16T02:23:33Z,delivered,Chana Masala Bowl; Butter Chicken Plate; Garlic Naan,31.50,2.99,34.49
DP-17F5B9,2026-08-16T01:29:57Z,2026-08-16T02:04:57Z,2026-08-16T01:59:52Z,delivered,Samosa (2); Paneer Wrap,17.50,1.66,19.16
DP-AA3E82,2026-08-16T01:34:56Z,2026-08-16T02:09:56Z,2026-08-16T02:06:29Z,delivered,Chana Masala Bowl; Samosa (2); Butter Chicken Plate; Dal Makhani,44.00,4.18,48.18
DP-B8368A,2026-08-16T01:41:01Z,2026-08-16T02:16:01Z,2026-08-16T02:09:56Z,delivered,Samosa (2); Garlic Naan,9.50,0.90,10.40
DP-9BE481,2026-08-16T01:44:16Z,2026-08-16T02:19:16Z,2026-08-16T02:56:16Z,delivered,Chana Masala Bowl; Butter Chicken Plate; Mango Lassi,33.00,3.14,36.14
DP-DE0F43,2026-08-16T01:51:05Z,2026-08-16T02:26:05Z,2026-08-16T02:47:05Z,delivered,Paneer Wrap; Dal Makhani,21.50,2.04,23.54
DP-1D757D,2026-08-16T01:53:57Z,2026-08-16T02:28:57Z,2026-08-16T02:23:20Z,delivered,Chicken Tikka Bowl; Butter Chicken Plate,29.50,2.80,32.30
DP-B09EDB,2026-08-16T01:56:07Z,2026-08-16T02:31:07Z,2026-08-16T02:28:28Z,delivered,Butter Chicken Plate; Butter Chicken Plate; Garlic Naan,35.50,3.37,38.87
DP-6E1A94,2026-08-16T02:07:46Z,2026-08-16T02:42:46Z,2026-08-16T02:39:33Z,delivered,Samosa (2); Butter Chicken Plate,22.00,2.09,24.09
DP-206ACA,2026-08-16T02:25:41Z,2026-08-16T03:00:41Z,2026-08-16T02:52:09Z,delivered,Chana Masala Bowl; Chana Masala Bowl; Chicken Tikka Bowl,37.50,3.56,41.06
DP-822607,2026-08-16T02:32:50Z,2026-08-16T03:07:50Z,2026-08-16T02:58:30Z,delivered,Dal Makhani; Chana Masala Bowl; Dal Makhani,32.00,3.04,35.04
DP-6FB3CD,2026-08-16T02:34:58Z,2026-08-16T03:09:58Z,2026-08-16T03:09:06Z,delivered,Dal Makhani; Chicken Tikka Bowl; Garlic Naan; Samosa (2),33.00,3.14,36.14
DP-B5B8F0,2026-08-16T02:48:36Z,2026-08-16T03:23:36Z,2026-08-16T03:21:00Z,delivered,Garlic Naan; Garlic Naan,7.00,0.67,7.67
DP-84E689,2026-08-16T02:54:55Z,2026-08-16T03:29:55Z,2026-08-16T03:21:06Z,delivered,Garlic Naan; Garlic Naan; Garlic Naan,10.50,1.00,11.50
DP-28E220,2026-08-16T02:58:13Z,2026-08-16T03:33:13Z,2026-08-16T03:28:12Z,delivered,Paneer Wrap; Dal Makhani; Mango Lassi; Butter Chicken Plate; Samosa (2),48.50,4.61,53.11
DP-5696BD,2026-08-16T03:02:11Z,2026-08-16T03:37:11Z,2026-08-16T03:32:08Z,delivered,Samosa (2); Chicken Tikka Bowl; Dal Makhani,29.50,2.80,32.30
DP-5D2F5A,2026-08-16T03:12:46Z,2026-08-16T03:47:46Z,2026-08-16T03:42:58Z,delivered,Butter Chicken Plate; Dal Makhani; Chicken Tikka Bowl; Chana Masala Bowl,51.50,4.89,56.39
DP-797D1C,2026-08-16T03:40:28Z,2026-08-16T04:15:28Z,2026-08-16T04:56:28Z,delivered,Samosa (2),6.00,0.57,6.57
DP-ECA260,2026-08-16T03:41:44Z,2026-08-16T04:16:44Z,2026-08-16T04:15:15Z,delivered,Samosa (2); Chana Masala Bowl; Mango Lassi,23.00,2.19,25.19
DP-AD416D,2026-08-16T03:45:14Z,2026-08-16T04:20:14Z,2026-08-16T04:15:59Z,delivered,Dal Makhani; Dal Makhani,20.00,1.90,21.90
DP-2F1E73,2026-08-16T03:45:48Z,2026-08-16T04:20:48Z,2026-08-16T04:11:58Z,delivered,Dal Makhani; Dal Makhani; Samosa (2); Mango Lassi,31.00,2.94,33.94
DP-FF8FB8,2026-08-16T03:46:12Z,2026-08-16T04:21:12Z,2026-08-16T05:01:12Z,delivered,Paneer Wrap; Dal Makhani; Samosa (2),27.50,2.61,30.11
DP-840FDE,2026-08-16T03:52:38Z,2026-08-16T04:27:38Z,2026-08-16T05:08:38Z,delivered,Dal Makhani; Mango Lassi,15.00,1.43,16.43
DP-81DBCB,2026-08-16T04:14:21Z,2026-08-16T04:49:21Z,2026-08-16T04:47:49Z,delivered,Chana Masala Bowl; Paneer Wrap; Dal Makhani,33.50,3.18,36.68
DP-018E02,2026-08-16T04:26:27Z,2026-08-16T05:01:27Z,2026-08-16T04:55:31Z,delivered,Paneer Wrap,11.50,1.09,12.59
DP-836D57,2026-08-16T18:32:21Z,2026-08-16T19:07:21Z,,cancelled,Dal Makhani; Mango Lassi,15.00,1.43,16.43
DP-793BAA,2026-08-16T19:03:31Z,2026-08-16T19:38:31Z,2026-08-16T19:34:21Z,delivered,Paneer Wrap; Mango Lassi; Dal Makhani; Samosa (2); Garlic Naan,36.00,3.42,39.42
DP-81FD5A,2026-08-16T19:15:19Z,2026-08-16T19:50:19Z,2026-08-16T19:43:40Z,delivered,Butter Chicken Plate; Garlic Naan,19.50,1.85,21.35
DP-DF7BBD,2026-08-16T19:16:15Z,2026-08-16T19:51:15Z,2026-08-16T19:46:02Z,delivered,Chicken Tikka Bowl,13.50,1.28,14.78
DP-95F97D,2026-08-16T19:19:06Z,2026-08-16T19:54:06Z,2026-08-16T19:50:46Z,delivered,Paneer Wrap; Samosa (2),17.50,1.66,19.16
DP-01E7BD,2026-08-16T19:21:56Z,2026-08-16T19:56:56Z,2026-08-16T19:50:30Z,delivered,Chana Masala Bowl; Garlic Naan; Chicken Tikka Bowl; Chana Masala Bowl,41.00,3.90,44.90
DP-324465,2026-08-16T19:25:34Z,2026-08-16T20:00:34Z,2026-08-16T19:52:59Z,delivered,Chana Masala Bowl,12.00,1.14,13.14
DP-88CB65,2026-08-16T19:25:44Z,2026-08-16T20:00:44Z,2026-08-16T19:57:31Z,delivered,Samosa (2); Dal Makhani,16.00,1.52,17.52
DP-41636E,2026-08-16T19:39:42Z,2026-08-16T20:14:42Z,2026-08-16T20:03:51Z,delivered,Garlic Naan; Dal Makhani; Butter Chicken Plate; Dal Makhani,39.50,3.75,43.25
DP-335E56,2026-08-16T19:44:34Z,2026-08-16T20:19:34Z,2026-08-16T20:15:35Z,delivered,Chicken Tikka Bowl; Paneer Wrap; Chicken Tikka Bowl; Mango Lassi,43.50,4.13,47.63
DP-0FDF2D,2026-08-16T20:21:17Z,2026-08-16T20:56:17Z,2026-08-16T20:50:36Z,delivered,Butter Chicken Plate,16.00,1.52,17.52
DP-5C9AC8,2026-08-16T20:22:31Z,2026-08-16T20:57:31Z,2026-08-16T21:36:31Z,delivered,Mango Lassi; Dal Makhani; Butter Chicken Plate,31.00,2.94,33.94
DP-F0794A,2026-08-16T20:42:03Z,2026-08-16T21:17:03Z,2026-08-16T21:09:44Z,delivered,Butter Chicken Plate; Mango Lassi; Chicken Tikka Bowl; Butter Chicken Plate,50.50,4.80,55.30
DP-27C4A5,2026-08-16T20:55:07Z,2026-08-16T21:30:07Z,2026-08-16T21:23:57Z,delivered,Chicken Tikka Bowl; Chana Masala Bowl,25.50,2.42,27.92
DP-6B7962,2026-08-16T20:58:33Z,2026-08-16T21:33:33Z,2026-08-16T21:31:31Z,delivered,Samosa (2),6.00,0.57,6.57
DP-124762,2026-08-16T20:59:32Z,2026-08-16T21:34:32Z,2026-08-16T21:31:16Z,delivered,Samosa (2); Mango Lassi; Chicken Tikka Bowl,24.50,2.33,26.83
DP-19248C,2026-08-16T21:23:29Z,2026-08-16T21:58:29Z,2026-08-16T21:53:51Z,delivered,Butter Chicken Plate,16.00,1.52,17.52
DP-ED10C8,2026-08-16T21:23:37Z,2026-08-16T21:58:37Z,2026-08-16T21:47:58Z,delivered,Samosa (2); Mango Lassi,11.00,1.04,12.04
DP-EAF8A3,2026-08-16T21:31:23Z,2026-08-16T22:06:23Z,2026-08-16T22:00:57Z,delivered,Dal Makhani; Dal Makhani; Chicken Tikka Bowl,33.50,3.18,36.68
DP-B9FD33,2026-08-16T21:50:53Z,2026-08-16T22:25:53Z,2026-08-16T22:18:07Z,delivered,Mango Lassi,5.00,0.47,5.47
DP-69A806,2026-08-16T22:07:07Z,2026-08-16T22:42:07Z,,cancelled,Dal Makhani; Garlic Naan; Samosa (2),19.50,1.85,21.35
DP-5D264D,2026-08-16T23:21:41Z,2026-08-16T23:56:41Z,2026-08-16T23:50:52Z,delivered,Mango Lassi; Chicken Tikka Bowl; Mango Lassi,23.50,2.23,25.73
DP-E221E7,2026-08-16T23:47:37Z,2026-08-17T00:22:37Z,,cancelled,Butter Chicken Plate; Chana Masala Bowl; Garlic Naan; Chana Masala Bowl; Chana Masala Bowl,55.50,5.27,60.77
DP-965767,2026-08-16T23:49:43Z,2026-08-17T00:24:43Z,2026-08-17T00:20:32Z,delivered,Chana Masala Bowl,12.00,1.14,13.14
DP-870CB4,2026-08-17T00:01:53Z,2026-08-17T00:36:53Z,2026-08-17T00:30:28Z,delivered,Mango Lassi,5.00,0.47,5.47
DP-A9FA73,2026-08-17T00:07:03Z,2026-08-17T00:42:03Z,2026-08-17T00:36:02Z,delivered,Chicken Tikka Bowl,13.50,1.28,14.78
DP-0FDEC0,2026-08-17T00:09:34Z,2026-08-17T00:44:34Z,2026-08-17T00:31:00Z,delivered,Chicken Tikka Bowl; Paneer Wrap; Chana Masala Bowl,37.00,3.52,40.52
DP-FF5F62,2026-08-17T00:11:22Z,2026-08-17T00:46:22Z,2026-08-17T00:42:25Z,delivered,Chana Masala Bowl; Dal Makhani,22.00,2.09,24.09
DP-0F00A2,2026-08-17T00:19:53Z,2026-08-17T00:54:53Z,2026-08-17T00:51:18Z,delivered,Chana Masala Bowl; Mango Lassi; Dal Makhani,27.00,2.56,29.56
DP-F4218C,2026-08-17T00:29:29Z,2026-08-17T01:04:29Z,,cancelled,Mango Lassi; Samosa (2),11.00,1.04,12.04
DP-A9660B,2026-08-17T00:30:08Z,2026-08-17T01:05:08Z,2026-08-17T01:02:00Z,delivered,Mango Lassi; Chana Masala Bowl,17.00,1.61,18.61
DP-4CF28A,2026-08-17T00:37:17Z,2026-08-17T01:12:17Z,2026-08-17T01:02:59Z,delivered,Butter Chicken Plate; Mango Lassi,21.00,2.00,23.00
DP-4B4774,2026-08-17T01:00:53Z,2026-08-17T01:35:53Z,2026-08-17T01:29:00Z,delivered,Mango Lassi; Chicken Tikka Bowl; Dal Makhani; Paneer Wrap; Mango Lassi,45.00,4.28,49.28
DP-2950EA,2026-08-17T01:06:14Z,2026-08-17T01:41:14Z,2026-08-17T01:38:41Z,delivered,Mango Lassi; Dal Makhani; Butter Chicken Plate; Dal Makhani,41.00,3.90,44.90
DP-FE7DEF,2026-08-17T01:06:41Z,2026-08-17T01:41:41Z,2026-08-17T01:31:59Z,delivered,Dal Makhani,10.00,0.95,10.95
DP-C97151,2026-08-17T01:16:29Z,2026-08-17T01:51:29Z,2026-08-17T01:53:10Z,delivered,Paneer Wrap; Dal Makhani; Chicken Tikka Bowl,35.00,3.33,38.33
DP-95CC44,2026-08-17T01:21:55Z,2026-08-17T01:56:55Z,2026-08-17T01:44:14Z,delivered,Chana Masala Bowl; Chicken Tikka Bowl,25.50,2.42,27.92
DP-733E55,2026-08-17T01:22:35Z,2026-08-17T01:57:35Z,2026-08-17T01:53:12Z,delivered,Butter Chicken Plate; Dal Makhani,26.00,2.47,28.47
DP-8476A8,2026-08-17T01:23:23Z,2026-08-17T01:58:23Z,2026-08-17T01:53:15Z,delivered,Dal Makhani; Chana Masala Bowl,22.00,2.09,24.09
DP-2B7055,2026-08-17T01:25:16Z,2026-08-17T02:00:16Z,2026-08-17T02:01:37Z,delivered,Chana Masala Bowl; Dal Makhani,22.00,2.09,24.09
DP-994EF7,2026-08-17T01:26:25Z,2026-08-17T02:01:25Z,2026-08-17T01:56:50Z,delivered,Samosa (2); Samosa (2); Dal Makhani; Chicken Tikka Bowl,35.50,3.37,38.87
DP-87697C,2026-08-17T01:26:51Z,2026-08-17T02:01:51Z,2026-08-17T01:58:24Z,delivered,Dal Makhani; Samosa (2); Paneer Wrap,27.50,2.61,30.11
DP-70F78A,2026-08-17T01:29:13Z,2026-08-17T02:04:13Z,2026-08-17T01:53:18Z,delivered,Paneer Wrap; Chicken Tikka Bowl,25.00,2.38,27.38
DP-5177B1,2026-08-17T01:36:11Z,2026-08-17T02:11:11Z,2026-08-17T02:06:58Z,delivered,Butter Chicken Plate; Garlic Naan,19.50,1.85,21.35
DP-18449A,2026-08-17T01:40:31Z,2026-08-17T02:15:31Z,2026-08-17T02:11:03Z,delivered,Butter Chicken Plate; Butter Chicken Plate,32.00,3.04,35.04
DP-7B0B79,2026-08-17T01:42:16Z,2026-08-17T02:17:16Z,2026-08-17T02:10:25Z,delivered,Dal Makhani; Butter Chicken Plate; Mango Lassi,31.00,2.94,33.94
DP-70D3D4,2026-08-17T01:50:57Z,2026-08-17T02:25:57Z,,cancelled,Butter Chicken Plate; Samosa (2); Garlic Naan; Paneer Wrap,37.00,3.52,40.52
DP-DEE296,2026-08-17T01:52:57Z,2026-08-17T02:27:57Z,2026-08-17T02:27:15Z,delivered,Garlic Naan; Chicken Tikka Bowl; Chicken Tikka Bowl,30.50,2.90,33.40
DP-3618C3,2026-08-17T01:54:57Z,2026-08-17T02:29:57Z,2026-08-17T02:24:46Z,delivered,Paneer Wrap; Butter Chicken Plate,27.50,2.61,30.11
DP-C5CF51,2026-08-17T02:02:09Z,2026-08-17T02:37:09Z,2026-08-17T03:14:09Z,delivered,Chana Masala Bowl,12.00,1.14,13.14
DP-7071CE,2026-08-17T02:14:49Z,2026-08-17T02:49:49Z,2026-08-17T02:43:06Z,delivered,Samosa (2); Butter Chicken Plate; Dal Makhani; Samosa (2); Dal Makhani,48.00,4.56,52.56
DP-AF32D9,2026-08-17T02:15:55Z,2026-08-17T02:50:55Z,2026-08-17T02:46:49Z,delivered,Chicken Tikka Bowl; Samosa (2),19.50,1.85,21.35
DP-4BBDA6,2026-08-17T02:18:39Z,2026-08-17T02:53:39Z,2026-08-17T02:51:55Z,delivered,Mango Lassi; Mango Lassi,10.00,0.95,10.95
DP-403481,2026-08-17T02:20:09Z,2026-08-17T02:55:09Z,2026-08-17T02:42:45Z,delivered,Samosa (2),6.00,0.57,6.57
DP-FCE7F4,2026-08-17T02:29:54Z,2026-08-17T03:04:54Z,2026-08-17T02:48:32Z,delivered,Butter Chicken Plate; Garlic Naan,19.50,1.85,21.35
DP-70F83E,2026-08-17T02:30:42Z,2026-08-17T03:05:42Z,2026-08-17T02:57:37Z,delivered,Garlic Naan; Samosa (2); Dal Makhani; Garlic Naan; Garlic Naan,26.50,2.52,29.02
DP-4791BC,2026-08-17T02:31:06Z,2026-08-17T03:06:06Z,2026-08-17T03:04:51Z,delivered,Mango Lassi; Butter Chicken Plate; Chana Masala Bowl,33.00,3.14,36.14
DP-2DCD13,2026-08-17T02:41:46Z,2026-08-17T03:16:46Z,2026-08-17T03:08:22Z,delivered,Paneer Wrap; Chana Masala Bowl; Mango Lassi; Dal Makhani,38.50,3.66,42.16
DP-994045,2026-08-17T02:42:04Z,2026-08-17T03:17:04Z,2026-08-17T03:10:05Z,delivered,Dal Makhani; Chana Masala Bowl; Dal Makhani,32.00,3.04,35.04
DP-314CC3,2026-08-17T03:09:46Z,2026-08-17T03:44:46Z,2026-08-17T03:41:41Z,delivered,Butter Chicken Plate; Paneer Wrap; Garlic Naan; Chicken Tikka Bowl; Garlic Naan,48.00,4.56,52.56
DP-49FD69,2026-08-17T03:22:13Z,2026-08-17T03:57:13Z,2026-08-17T03:44:18Z,delivered,Chicken Tikka Bowl,13.50,1.28,14.78
DP-275A3E,2026-08-17T03:41:23Z,2026-08-17T04:16:23Z,2026-08-17T04:56:23Z,delivered,Chicken Tikka Bowl; Dal Makhani; Dal Makhani; Mango Lassi,38.50,3.66,42.16
DP-638BC8,2026-08-17T03:47:38Z,2026-08-17T04:22:38Z,2026-08-17T04:17:28Z,delivered,Chana Masala Bowl; Chana Masala Bowl,24.00,2.28,26.28
DP-E07737,2026-08-17T03:49:39Z,2026-08-17T04:24:39Z,2026-08-17T04:20:58Z,delivered,Dal Makhani; Butter Chicken Plate,26.00,2.47,28.47
DP-1BFC72,2026-08-17T04:27:34Z,2026-08-17T05:02:34Z,2026-08-17T04:55:35Z,delivered,Chicken Tikka Bowl; Butter Chicken Plate; Chicken Tikka Bowl,43.00,4.08,47.08
DP-E9C882,2026-08-17T04:49:58Z,2026-08-17T05:24:58Z,,cancelled,Paneer Wrap; Garlic Naan,15.00,1.43,16.43
